finger,acc_x,acc_y,acc_z,orientation,quat_w,quat_x,quat_y,quat_z,target
THUMB,-0.461,-0.606,0.65,Left,0.876,-0.392,0.149,0.237,A
INDEX,-0.349,-0.045,0.768,Up,0.612,-0.174,0.084,0.767,A
PALM,0.453,-0.373,-0.876,Down,-0.055,0.866,-0.407,0.285,A
PINKY,-0.507,0.768,0.375,Left,-0.065,0.266,-0.454,-0.848,A
RING,-0.593,0.593,0.538,Right,-0.694,-0.458,-0.063,0.553,A
MIDDLE,-0.475,0.515,0.784,Up,0.689,0.003,0.345,0.637,A
THUMB,-0.411,-0.607,0.728,Up,0.888,-0.36,0.122,0.257,A
PALM,0.475,-0.471,-0.822,Down,-0.08,0.851,-0.412,0.315,A
PINKY,-0.246,0.683,0.515,Left,-0.042,0.133,-0.414,-0.9,A
RING,-0.245,0.732,0.676,Up,-0.775,-0.353,0.071,0.519,A
MIDDLE,-0.227,0.572,0.777,Up,0.669,0.089,0.292,0.677,A
THUMB,-0.257,-0.618,0.91,Up,0.917,-0.313,0.03,0.246,A
INDEX,-0.035,0.093,0.865,Up,0.598,-0.038,0.019,0.801,A
PALM,0.617,-0.586,-0.758,Away from you,-0.059,0.836,-0.384,0.388,A
PINKY,0.045,0.786,0.663,Up,-0.027,-0.016,-0.321,-0.947,A
RING,-0.284,0.664,0.726,Up,-0.817,-0.25,0.089,0.512,A
MIDDLE,-0.2,0.357,0.737,Up,0.664,0.08,0.213,0.712,A
THUMB,-0.163,-0.669,0.69,Up,0.909,-0.348,-0.051,0.221,A
INDEX,-0.035,-0.026,0.676,Up,0.57,-0.015,-0.039,0.821,A
PALM,0.723,-0.218,-0.427,Away from you,-0.06,0.821,-0.316,0.472,A
PINKY,0.057,0.867,0.556,Left,0.167,0.053,-0.435,-0.883,A
RING,-0.22,0.657,0.606,Right,-0.848,-0.427,0.029,0.314,A
MIDDLE,-0.215,0.672,0.698,Up,0.485,0.064,0.366,0.792,A
THUMB,-0.148,-0.502,1.022,Up,0.884,-0.225,-0.042,0.407,A
INDEX,-0.07,0.333,0.775,Up,0.403,0.01,0.127,0.906,A
PALM,0.573,-0.693,-0.501,Away from you,-0.283,0.841,-0.24,0.393,A
PINKY,-0.207,0.963,0.118,Towards you,0.3,0.364,-0.52,-0.712,A
RING,-0.414,1.113,0.188,Right,-0.768,-0.594,-0.207,0.12,A
MIDDLE,-0.432,0.801,0.358,Left,0.279,-0.139,0.545,0.778,A
THUMB,-0.281,0.019,0.762,Up,0.774,-0.162,0.09,0.605,A
INDEX,-0.589,0.562,0.725,Up,0.234,-0.091,0.33,0.91,A
PALM,0.179,-0.776,-0.622,Left,-0.414,0.863,-0.198,0.212,A
PINKY,-0.186,0.843,-0.297,Towards you,0.306,0.54,-0.509,-0.596,A
RING,-0.323,0.817,-0.366,Right,-0.652,-0.677,-0.335,0.066,A
MIDDLE,-0.591,0.73,0.106,Left,0.213,-0.261,0.664,0.667,A
THUMB,-0.653,0.108,0.899,Up,0.672,-0.17,0.268,0.669,A
INDEX,-0.62,0.758,0.231,Left,0.197,-0.211,0.513,0.809,A
PALM,-0.248,-0.916,-0.616,Left,-0.511,0.816,-0.258,0.084,A
PINKY,-0.316,0.882,-0.401,Towards you,0.25,0.599,-0.56,-0.515,A
RING,-0.389,0.719,-0.395,Right,-0.591,-0.715,-0.359,0.099,A
MIDDLE,-0.651,0.815,-0.064,Left,0.265,-0.262,0.672,0.639,A
THUMB,-0.636,0.125,0.876,Up,0.716,-0.205,0.268,0.612,A
INDEX,-0.532,0.726,0.289,Left,0.283,-0.215,0.479,0.803,A
PALM,-0.035,-0.771,-0.586,Down,-0.397,0.851,-0.325,0.11,A
PINKY,-0.458,0.82,-0.332,Towards you,0.218,0.589,-0.534,-0.567,A
RING,-0.593,0.683,-0.295,Right,-0.607,-0.689,-0.374,0.13,A
MIDDLE,-0.741,0.671,-0.0,Left,0.277,-0.296,0.646,0.647,A
THUMB,-0.693,-0.043,0.803,Up,0.704,-0.244,0.259,0.614,A
INDEX,-0.604,0.61,0.292,Left,0.27,-0.246,0.468,0.804,A
PALM,-0.05,-0.796,-0.634,Down,-0.387,0.861,-0.315,0.1,A
PINKY,-0.433,0.819,-0.346,Towards you,0.227,0.6,-0.516,-0.567,A
RING,-0.6,0.713,-0.276,Right,-0.612,-0.679,-0.385,0.127,A
MIDDLE,-0.746,0.673,-0.008,Left,0.278,-0.304,0.637,0.652,A
THUMB,-0.674,-0.076,0.768,Up,0.707,-0.251,0.254,0.611,A
INDEX,-0.599,0.569,0.301,Left,0.271,-0.25,0.467,0.804,A
PALM,-0.051,-0.795,-0.669,Down,-0.376,0.863,-0.32,0.104,A
PINKY,-0.439,0.794,-0.331,Towards you,0.237,0.607,-0.503,-0.568,A
RING,-0.578,0.689,-0.261,Right,-0.618,-0.671,-0.391,0.122,A
MIDDLE,-0.733,0.63,0.051,Left,0.276,-0.308,0.629,0.658,A
THUMB,-0.743,-0.111,0.799,Up,0.71,-0.258,0.248,0.607,A
INDEX,-0.686,0.492,0.411,Left,0.274,-0.255,0.466,0.802,A
PALM,-0.036,-0.737,-0.649,Down,-0.365,0.865,-0.327,0.111,A
PINKY,-0.437,0.853,-0.333,Towards you,0.242,0.604,-0.505,-0.567,A
RING,-0.604,0.711,-0.246,Right,-0.62,-0.673,-0.383,0.126,A
MIDDLE,-0.704,0.642,0.009,Left,0.291,-0.295,0.628,0.659,A
THUMB,-0.671,-0.072,0.77,Up,0.722,-0.255,0.248,0.594,A
INDEX,-0.636,0.591,0.324,Left,0.294,-0.245,0.468,0.796,A
PALM,-0.048,-0.784,-0.698,Down,-0.356,0.858,-0.35,0.118,A
PINKY,-0.491,0.786,-0.312,Towards you,0.243,0.615,-0.493,-0.566,A
RING,-0.649,0.697,-0.245,Right,-0.618,-0.668,-0.395,0.128,A
MIDDLE,-0.757,0.66,0.024,Left,0.294,-0.305,0.624,0.656,A
THUMB,-0.694,-0.079,0.745,Up,0.721,-0.263,0.253,0.589,A
INDEX,-0.625,0.55,0.328,Left,0.299,-0.246,0.47,0.793,A
PALM,-0.058,-0.754,-0.696,Down,-0.353,0.853,-0.364,0.123,A
PINKY,-0.419,0.787,-0.359,Towards you,0.243,0.617,-0.495,-0.561,A
RING,-0.614,0.721,-0.28,Right,-0.615,-0.672,-0.392,0.127,A
MIDDLE,-0.76,0.647,0.007,Left,0.295,-0.303,0.627,0.655,A
THUMB,-0.694,-0.131,0.779,Up,0.719,-0.264,0.256,0.589,A
INDEX,-0.54,0.489,0.262,Left,0.3,-0.247,0.467,0.794,A
PALM,-0.051,-0.763,-0.672,Down,-0.354,0.851,-0.367,0.124,A
PINKY,-0.492,0.784,-0.344,Towards you,0.252,0.634,-0.477,-0.554,A
RING,-0.63,0.658,-0.257,Right,-0.614,-0.664,-0.409,0.119,A
MIDDLE,-0.744,0.632,0.024,Left,0.291,-0.312,0.621,0.657,A
THUMB,-0.709,-0.065,0.753,Up,0.716,-0.267,0.259,0.591,A
INDEX,-0.653,0.552,0.345,Left,0.299,-0.255,0.471,0.79,A
PALM,-0.054,-0.745,-0.693,Down,-0.348,0.85,-0.378,0.117,A
PINKY,-0.474,0.781,-0.33,Towards you,0.257,0.64,-0.469,-0.552,A
RING,-0.622,0.667,-0.269,Right,-0.614,-0.662,-0.414,0.117,A
MIDDLE,-0.762,0.648,0.022,Left,0.29,-0.315,0.62,0.657,A
THUMB,-0.728,-0.082,0.743,Up,0.715,-0.269,0.262,0.59,A
INDEX,-0.65,0.549,0.317,Left,0.299,-0.259,0.472,0.788,A
PALM,-0.059,-0.754,-0.686,Down,-0.347,0.846,-0.387,0.12,A
PINKY,-0.484,0.796,-0.319,Towards you,0.265,0.646,-0.463,-0.546,A
RING,-0.656,0.663,-0.276,Right,-0.614,-0.661,-0.418,0.11,A
MIDDLE,-0.753,0.669,0.034,Left,0.286,-0.313,0.621,0.659,A
THUMB,-0.697,-0.073,0.739,Up,0.721,-0.263,0.26,0.586,A
INDEX,-0.611,0.525,0.314,Left,0.302,-0.25,0.476,0.788,A
PALM,-0.079,-0.763,-0.723,Down,-0.347,0.838,-0.4,0.133,A
PINKY,-0.464,0.777,-0.352,Towards you,0.268,0.638,-0.47,-0.548,A
RING,-0.615,0.686,-0.246,Right,-0.618,-0.667,-0.4,0.114,A
MIDDLE,-0.729,0.669,0.051,Left,0.299,-0.295,0.622,0.661,A
THUMB,-0.672,-0.095,0.775,Up,0.737,-0.258,0.257,0.569,A
INDEX,-0.559,0.532,0.304,Left,0.323,-0.234,0.471,0.787,A
PALM,-0.03,-0.767,-0.652,Down,-0.337,0.829,-0.42,0.153,A
PINKY,-0.494,0.79,-0.312,Towards you,0.273,0.638,-0.464,-0.551,A
RING,-0.64,0.68,-0.233,Right,-0.622,-0.661,-0.404,0.113,A
MIDDLE,-0.75,0.647,0.044,Left,0.296,-0.299,0.618,0.664,A
THUMB,-0.698,-0.107,0.767,Up,0.734,-0.26,0.257,0.572,A
INDEX,-0.615,0.55,0.326,Left,0.317,-0.239,0.473,0.786,A
PALM,-0.04,-0.743,-0.681,Down,-0.337,0.827,-0.425,0.149,A
PINKY,-0.468,0.801,-0.327,Towards you,0.28,0.647,-0.453,-0.545,A
RING,-0.637,0.694,-0.246,Right,-0.62,-0.659,-0.413,0.107,A
MIDDLE,-0.758,0.63,0.051,Left,0.29,-0.306,0.618,0.663,A
THUMB,-0.697,-0.088,0.744,Up,0.732,-0.26,0.26,0.574,A
INDEX,-0.62,0.563,0.316,Left,0.316,-0.241,0.476,0.784,A
PALM,-0.052,-0.758,-0.69,Down,-0.338,0.822,-0.433,0.148,A
PINKY,-0.452,0.796,-0.332,Towards you,0.287,0.654,-0.445,-0.54,A
RING,-0.625,0.698,-0.275,Right,-0.62,-0.656,-0.418,0.102,A
MIDDLE,-0.748,0.653,0.036,Left,0.286,-0.311,0.618,0.664,A
THUMB,-0.703,-0.098,0.75,Up,0.73,-0.26,0.261,0.575,A
INDEX,-0.631,0.521,0.335,Left,0.312,-0.244,0.476,0.785,A
PALM,-0.048,-0.746,-0.68,Down,-0.336,0.821,-0.438,0.148,A
PINKY,-0.491,0.8,-0.325,Towards you,0.293,0.664,-0.429,-0.537,A
RING,-0.65,0.669,-0.266,Right,-0.62,-0.648,-0.432,0.1,A
MIDDLE,-0.782,0.608,0.064,Left,0.285,-0.323,0.611,0.664,A
THUMB,-0.716,-0.095,0.723,Up,0.727,-0.269,0.263,0.574,A
INDEX,-0.649,0.524,0.316,Left,0.316,-0.253,0.476,0.781,A
PALM,-0.055,-0.753,-0.704,Down,-0.332,0.816,-0.451,0.143,A
PINKY,-0.454,0.779,-0.353,Towards you,0.292,0.674,-0.426,-0.529,A
RING,-0.638,0.655,-0.272,Right,-0.612,-0.653,-0.437,0.095,A
MIDDLE,-0.769,0.616,0.029,Left,0.279,-0.326,0.619,0.657,A
THUMB,-0.716,-0.084,0.745,Up,0.723,-0.261,0.273,0.579,A
INDEX,-0.654,0.548,0.301,Left,0.315,-0.252,0.485,0.776,A
PALM,-0.088,-0.766,-0.699,Down,-0.338,0.808,-0.461,0.143,A
PINKY,-0.426,0.771,-0.36,Towards you,0.297,0.68,-0.417,-0.525,A
RING,-0.639,0.676,-0.294,Right,-0.611,-0.65,-0.443,0.092,A
MIDDLE,-0.813,0.63,0.049,Left,0.275,-0.334,0.617,0.657,A
THUMB,-0.755,-0.111,0.718,Up,0.719,-0.265,0.274,0.581,A
INDEX,-0.679,0.508,0.33,Left,0.31,-0.258,0.483,0.777,A
PALM,-0.089,-0.746,-0.686,Down,-0.335,0.807,-0.465,0.142,A
PINKY,-0.46,0.77,-0.354,Towards you,0.306,0.686,-0.406,-0.52,A
RING,-0.609,0.648,-0.282,Right,-0.614,-0.644,-0.448,0.085,A
MIDDLE,-0.732,0.619,0.013,Left,0.27,-0.336,0.614,0.661,A
THUMB,-0.733,-0.052,0.741,Up,0.722,-0.261,0.273,0.58,A
INDEX,-0.663,0.552,0.309,Left,0.308,-0.26,0.487,0.775,A
PALM,-0.099,-0.746,-0.69,Down,-0.337,0.803,-0.471,0.144,A
PINKY,-0.486,0.767,-0.343,Towards you,0.313,0.699,-0.387,-0.514,A
RING,-0.647,0.633,-0.291,Right,-0.611,-0.635,-0.465,0.081,A
MIDDLE,-0.795,0.589,0.013,Left,0.263,-0.358,0.609,0.657,A
THUMB,-0.758,-0.103,0.715,Left,0.711,-0.275,0.277,0.584,A
INDEX,-0.679,0.55,0.282,Left,0.304,-0.281,0.485,0.77,B
PALM,-0.106,-0.775,-0.661,Down,-0.328,0.802,-0.481,0.132,B
PINKY,-0.568,0.726,-0.321,Towards you,0.315,0.709,-0.367,-0.513,B
RING,-0.699,0.605,-0.25,Right,-0.612,-0.624,-0.48,0.08,B
MIDDLE,-0.825,0.571,0.012,Left,0.257,-0.377,0.598,0.658,B
THUMB,-0.793,-0.082,0.708,Left,0.703,-0.287,0.278,0.588,B
INDEX,-0.766,0.54,0.287,Left,0.297,-0.295,0.482,0.769,B
PALM,-0.092,-0.724,-0.706,Down,-0.328,0.804,-0.481,0.126,B
PINKY,-0.484,0.746,-0.389,Towards you,0.322,0.713,-0.363,-0.505,B
RING,-0.708,0.683,-0.312,Right,-0.607,-0.626,-0.484,0.074,B
MIDDLE,-0.874,0.596,0.057,Left,0.251,-0.385,0.602,0.653,B
THUMB,-0.75,-0.082,0.659,Left,0.7,-0.284,0.281,0.592,B
INDEX,-0.675,0.502,0.213,Left,0.293,-0.296,0.488,0.767,B
PALM,-0.119,-0.74,-0.721,Down,-0.331,0.797,-0.489,0.126,B
PINKY,-0.471,0.74,-0.376,Towards you,0.323,0.727,-0.345,-0.499,B
RING,-0.668,0.616,-0.296,Right,-0.604,-0.619,-0.497,0.071,B
MIDDLE,-0.843,0.546,-0.01,Left,0.246,-0.394,0.6,0.651,B
THUMB,-0.792,-0.12,0.673,Left,0.695,-0.286,0.286,0.594,B
INDEX,-0.736,0.492,0.26,Left,0.29,-0.308,0.491,0.762,B
PALM,-0.124,-0.75,-0.688,Down,-0.331,0.793,-0.498,0.118,B
PINKY,-0.557,0.743,-0.369,Towards you,0.322,0.737,-0.333,-0.492,B
RING,-0.688,0.594,-0.283,Right,-0.599,-0.616,-0.508,0.072,B
MIDDLE,-0.798,0.519,-0.038,Left,0.248,-0.402,0.599,0.647,B
THUMB,-0.779,-0.044,0.702,Left,0.696,-0.288,0.292,0.589,B
INDEX,-0.727,0.569,0.22,Left,0.296,-0.312,0.495,0.755,B
PALM,-0.141,-0.711,-0.721,Down,-0.33,0.787,-0.508,0.117,B
PINKY,-0.546,0.748,-0.365,Towards you,0.327,0.743,-0.316,-0.491,B
RING,-0.644,0.639,-0.334,Right,-0.601,-0.608,-0.514,0.074,B
MIDDLE,-0.78,0.616,-0.049,Left,0.252,-0.407,0.594,0.646,B
THUMB,-0.754,-0.046,0.654,Left,0.698,-0.292,0.29,0.586,B
INDEX,-0.734,0.455,0.239,Left,0.294,-0.313,0.491,0.758,B
PALM,-0.144,-0.675,-0.777,Down,-0.325,0.786,-0.511,0.121,B
PINKY,-0.5,0.762,-0.409,Towards you,0.33,0.743,-0.309,-0.494,B
RING,-0.649,0.641,-0.321,Right,-0.604,-0.605,-0.514,0.074,B
MIDDLE,-0.798,0.553,0.004,Left,0.25,-0.406,0.592,0.65,B
THUMB,-0.739,-0.1,0.659,Left,0.702,-0.291,0.287,0.583,B
INDEX,-0.703,0.48,0.228,Left,0.3,-0.31,0.489,0.758,B
PALM,-0.14,-0.712,-0.736,Down,-0.319,0.779,-0.524,0.129,B
PINKY,-0.519,0.714,-0.38,Towards you,0.337,0.748,-0.3,-0.487,B
RING,-0.675,0.605,-0.315,Right,-0.601,-0.602,-0.521,0.067,B
MIDDLE,-0.82,0.577,-0.05,Left,0.245,-0.414,0.592,0.646,B
THUMB,-0.786,-0.049,0.672,Left,0.697,-0.292,0.296,0.585,B
INDEX,-0.75,0.504,0.225,Left,0.295,-0.32,0.495,0.752,B
PALM,-0.151,-0.675,-0.752,Down,-0.325,0.776,-0.528,0.12,B
PINKY,-0.545,0.727,-0.377,Towards you,0.342,0.759,-0.279,-0.478,B
RING,-0.677,0.624,-0.336,Right,-0.598,-0.592,-0.537,0.062,B
MIDDLE,-0.822,0.542,-0.049,Left,0.239,-0.429,0.584,0.646,B
THUMB,-0.788,-0.074,0.659,Left,0.689,-0.3,0.296,0.589,B
INDEX,-0.729,0.515,0.215,Left,0.291,-0.33,0.492,0.751,B
PALM,-0.175,-0.69,-0.733,Down,-0.322,0.775,-0.532,0.115,B
PINKY,-0.555,0.692,-0.374,Towards you,0.347,0.768,-0.259,-0.473,B
RING,-0.691,0.597,-0.347,Right,-0.596,-0.583,-0.549,0.06,B
MIDDLE,-0.845,0.572,-0.066,Left,0.24,-0.44,0.579,0.643,B
THUMB,-0.795,-0.091,0.668,Left,0.686,-0.307,0.301,0.586,B
INDEX,-0.73,0.461,0.182,Left,0.294,-0.337,0.492,0.747,B
PALM,-0.178,-0.69,-0.742,Down,-0.322,0.767,-0.543,0.115,B
PINKY,-0.511,0.724,-0.43,Towards you,0.346,0.775,-0.261,-0.461,B
RING,-0.677,0.608,-0.339,Right,-0.586,-0.593,-0.549,0.052,B
MIDDLE,-0.805,0.545,-0.093,Left,0.229,-0.437,0.593,0.636,B
THUMB,-0.788,-0.05,0.649,Left,0.687,-0.288,0.309,0.591,B
INDEX,-0.732,0.496,0.189,Left,0.289,-0.329,0.509,0.741,B
PALM,-0.201,-0.713,-0.708,Down,-0.333,0.755,-0.552,0.119,B
PINKY,-0.535,0.694,-0.442,Towards you,0.348,0.78,-0.253,-0.454,B
RING,-0.675,0.61,-0.328,Right,-0.584,-0.59,-0.555,0.051,B
MIDDLE,-0.788,0.546,-0.109,Left,0.23,-0.441,0.591,0.635,B
THUMB,-0.779,-0.045,0.657,Left,0.69,-0.29,0.31,0.586,B
INDEX,-0.749,0.503,0.178,Left,0.293,-0.33,0.508,0.739,B
PALM,-0.192,-0.696,-0.736,Down,-0.329,0.75,-0.561,0.122,B
PINKY,-0.534,0.727,-0.429,Towards you,0.355,0.783,-0.244,-0.448,B
RING,-0.702,0.583,-0.325,Right,-0.584,-0.585,-0.561,0.042,B
MIDDLE,-0.804,0.507,-0.068,Left,0.221,-0.446,0.588,0.637,B
THUMB,-0.784,-0.035,0.638,Left,0.688,-0.29,0.309,0.589,B
INDEX,-0.772,0.552,0.176,Left,0.29,-0.333,0.508,0.739,B
PALM,-0.214,-0.717,-0.744,Down,-0.328,0.747,-0.565,0.121,B
PINKY,-0.518,0.689,-0.427,Towards you,0.363,0.785,-0.231,-0.446,B
RING,-0.682,0.634,-0.382,Right,-0.586,-0.579,-0.565,0.041,B
MIDDLE,-0.843,0.595,-0.079,Left,0.222,-0.451,0.584,0.637,B
THUMB,-0.783,-0.021,0.635,Left,0.688,-0.292,0.309,0.588,B
INDEX,-0.722,0.489,0.193,Left,0.287,-0.335,0.508,0.74,B
PALM,-0.18,-0.681,-0.7,Down,-0.328,0.746,-0.567,0.122,B
PINKY,-0.602,0.682,-0.405,Towards you,0.365,0.795,-0.201,-0.441,B
RING,-0.755,0.561,-0.353,Right,-0.583,-0.56,-0.587,0.043,B
MIDDLE,-0.857,0.521,-0.086,Left,0.226,-0.475,0.567,0.634,B
THUMB,-0.798,-0.042,0.612,Left,0.678,-0.317,0.316,0.583,B
INDEX,-0.727,0.496,0.131,Left,0.293,-0.359,0.5,0.731,B
PALM,-0.221,-0.718,-0.715,Down,-0.319,0.742,-0.58,0.103,B
PINKY,-0.581,0.648,-0.45,Towards you,0.364,0.805,-0.183,-0.431,B
RING,-0.79,0.514,-0.346,Right,-0.576,-0.555,-0.6,0.033,B
MIDDLE,-0.907,0.465,-0.032,Left,0.208,-0.487,0.567,0.63,B
THUMB,-0.846,-0.086,0.588,Left,0.669,-0.313,0.317,0.595,B
INDEX,-0.749,0.5,0.194,Left,0.283,-0.36,0.506,0.731,B
PALM,-0.226,-0.726,-0.65,Down,-0.325,0.735,-0.585,0.111,B
PINKY,-0.537,0.703,-0.447,Towards you,0.358,0.81,-0.193,-0.423,B
RING,-0.707,0.582,-0.404,Right,-0.565,-0.571,-0.594,0.036,B
MIDDLE,-0.839,0.492,-0.137,Left,0.211,-0.479,0.584,0.62,B
THUMB,-0.774,-0.027,0.578,Left,0.672,-0.296,0.331,0.593,B
INDEX,-0.739,0.504,0.158,Left,0.283,-0.361,0.517,0.722,B
PALM,-0.224,-0.664,-0.668,Down,-0.328,0.73,-0.59,0.101,B
PINKY,-0.63,0.621,-0.449,Towards you,0.363,0.81,-0.151,-0.435,B
RING,-0.76,0.502,-0.345,Right,-0.578,-0.534,-0.615,0.048,B
MIDDLE,-0.86,0.44,-0.108,Left,0.221,-0.511,0.547,0.626,B
THUMB,-0.843,-0.078,0.555,Left,0.658,-0.343,0.325,0.586,B
INDEX,-0.831,0.415,0.148,Left,0.284,-0.401,0.488,0.721,B
PALM,-0.263,-0.603,-0.779,Down,-0.304,0.744,-0.592,0.069,B
PINKY,-0.661,0.603,-0.402,Towards you,0.366,0.813,-0.11,-0.439,B
RING,-0.754,0.473,-0.347,Away from you,-0.581,-0.511,-0.632,0.05,B
MIDDLE,-0.875,0.447,-0.121,Left,0.221,-0.525,0.533,0.626,B
THUMB,-0.855,-0.049,0.563,Left,0.653,-0.351,0.326,0.587,B
INDEX,-0.807,0.439,0.13,Left,0.284,-0.407,0.486,0.72,B
PALM,-0.255,-0.585,-0.768,Down,-0.303,0.741,-0.596,0.069,B
PINKY,-0.619,0.613,-0.449,Towards you,0.369,0.824,-0.1,-0.419,B
RING,-0.736,0.487,-0.385,Away from you,-0.569,-0.517,-0.638,0.046,B
MIDDLE,-0.876,0.451,-0.12,Left,0.217,-0.528,0.532,0.625,B
THUMB,-0.855,-0.082,0.556,Left,0.653,-0.349,0.326,0.588,B
INDEX,-0.811,0.424,0.124,Left,0.28,-0.407,0.486,0.72,B
PALM,-0.263,-0.62,-0.756,Down,-0.305,0.736,-0.6,0.074,B
PINKY,-0.633,0.618,-0.409,Towards you,0.38,0.817,-0.088,-0.424,B
RING,-0.775,0.474,-0.352,Away from you,-0.578,-0.502,-0.642,0.041,B
MIDDLE,-0.87,0.387,-0.097,Left,0.217,-0.536,0.523,0.626,B
THUMB,-0.838,-0.079,0.529,Left,0.651,-0.36,0.325,0.584,B
INDEX,-0.817,0.423,0.107,Left,0.287,-0.423,0.475,0.716,B
PALM,-0.266,-0.599,-0.792,Down,-0.286,0.737,-0.61,0.06,B
PINKY,-0.696,0.57,-0.356,Towards you,0.377,0.815,-0.038,-0.439,B
RING,-0.819,0.374,-0.367,Away from you,-0.57,-0.462,-0.675,0.079,B
MIDDLE,-0.973,0.327,-0.088,Left,0.242,-0.562,0.477,0.63,B
THUMB,-0.779,-0.031,0.505,Left,0.641,-0.412,0.32,0.563,B
INDEX,-0.851,0.318,0.154,Left,0.311,-0.468,0.43,0.707,B
PALM,-0.23,-0.376,-0.976,Down,-0.222,0.752,-0.621,0.018,B
PINKY,-0.741,0.436,-0.306,Towards you,0.386,0.794,0.009,-0.47,B
RING,-0.79,0.233,-0.338,Away from you,-0.61,-0.42,-0.666,0.085,B
MIDDLE,-0.977,0.239,-0.097,Left,0.258,-0.568,0.439,0.646,B
THUMB,-0.933,-0.27,0.475,Left,0.638,-0.444,0.296,0.555,B
INDEX,-0.845,0.177,0.2,Left,0.314,-0.477,0.403,0.715,B
PALM,-0.184,-0.449,-0.863,Down,-0.215,0.755,-0.619,0.037,B
PINKY,-0.687,0.625,-0.317,Towards you,0.4,0.799,0.005,-0.45,B
RING,-0.79,0.471,-0.287,Away from you,-0.604,-0.433,-0.668,0.048,B
MIDDLE,-0.886,0.385,-0.082,Left,0.223,-0.551,0.471,0.652,B
THUMB,-0.864,-0.188,0.558,Left,0.66,-0.388,0.287,0.575,B
INDEX,-0.823,0.348,0.185,Left,0.281,-0.431,0.434,0.74,B
PALM,-0.19,-0.584,-0.825,Down,-0.26,0.745,-0.607,0.098,B
PINKY,-0.619,0.669,-0.339,Right,0.431,0.809,-0.028,-0.399,B
RING,-0.708,0.513,-0.344,Away from you,-0.593,-0.467,-0.656,0.001,B
MIDDLE,-0.849,0.444,-0.112,Left,0.193,-0.533,0.508,0.649,B
THUMB,-0.824,-0.106,0.615,Left,0.666,-0.342,0.299,0.591,B
INDEX,-0.771,0.468,0.155,Left,0.272,-0.407,0.468,0.736,B
PALM,-0.217,-0.653,-0.753,Down,-0.292,0.724,-0.615,0.112,B
PINKY,-0.618,0.646,-0.374,Right,0.431,0.819,-0.022,-0.378,B
RING,-0.722,0.513,-0.365,Away from you,-0.58,-0.469,-0.666,-0.011,B
MIDDLE,-0.87,0.484,-0.113,Left,0.182,-0.542,0.512,0.641,B
THUMB,-0.847,-0.08,0.598,Left,0.659,-0.339,0.306,0.598,B
INDEX,-0.794,0.427,0.165,Left,0.263,-0.412,0.472,0.733,C
PALM,-0.215,-0.628,-0.756,Down,-0.296,0.72,-0.617,0.109,C
PINKY,-0.648,0.664,-0.338,Right,0.433,0.82,-0.012,-0.375,C
RING,-0.721,0.471,-0.353,Away from you,-0.582,-0.469,-0.664,-0.007,C
MIDDLE,-0.844,0.417,-0.103,Left,0.195,-0.532,0.513,0.645,C
THUMB,-0.833,-0.089,0.592,Left,0.677,-0.339,0.307,0.577,C
INDEX,-0.803,0.46,0.139,Left,0.297,-0.402,0.466,0.73,C
PALM,-0.211,-0.636,-0.794,Down,-0.27,0.701,-0.649,0.119,C
PINKY,-0.637,0.651,-0.334,Right,0.429,0.811,-0.017,-0.398,C
RING,-0.742,0.457,-0.329,Away from you,-0.591,-0.469,-0.657,0.013,C
MIDDLE,-0.79,0.43,-0.097,Left,0.212,-0.531,0.508,0.645,C
THUMB,-0.814,-0.059,0.562,Left,0.677,-0.344,0.314,0.57,C
INDEX,-0.865,0.462,0.165,Left,0.294,-0.411,0.47,0.724,C
PALM,-0.271,-0.614,-0.847,Down,-0.281,0.697,-0.651,0.105,C
PINKY,-0.65,0.601,-0.383,Right,0.431,0.82,0.013,-0.377,C
RING,-0.783,0.507,-0.346,Away from you,-0.577,-0.454,-0.679,0.0,C
MIDDLE,-0.856,0.446,-0.137,Left,0.197,-0.552,0.502,0.636,C
THUMB,-0.839,-0.055,0.573,Left,0.661,-0.349,0.321,0.582,C
INDEX,-0.773,0.444,0.108,Left,0.281,-0.42,0.471,0.723,C
PALM,-0.279,-0.624,-0.796,Down,-0.29,0.695,-0.65,0.103,C
PINKY,-0.637,0.602,-0.391,Right,0.436,0.822,0.029,-0.366,C
RING,-0.718,0.476,-0.391,Away from you,-0.575,-0.449,-0.684,-0.007,C
MIDDLE,-0.824,0.46,-0.131,Left,0.191,-0.554,0.504,0.635,C
THUMB,-0.828,-0.018,0.572,Left,0.661,-0.343,0.324,0.583,C
INDEX,-0.826,0.454,0.123,Left,0.278,-0.421,0.477,0.72,C
PALM,-0.25,-0.6,-0.758,Down,-0.294,0.689,-0.655,0.101,C
PINKY,-0.654,0.632,-0.382,Right,0.435,0.823,0.047,-0.362,C
RING,-0.719,0.462,-0.425,Away from you,-0.571,-0.439,-0.694,-0.007,C
MIDDLE,-0.903,0.4,-0.115,Left,0.189,-0.569,0.494,0.63,C
THUMB,-0.86,-0.121,0.537,Left,0.65,-0.355,0.329,0.586,C
INDEX,-0.834,0.421,0.087,Left,0.273,-0.436,0.471,0.716,C
PALM,-0.251,-0.634,-0.724,Down,-0.289,0.685,-0.662,0.092,C
PINKY,-0.666,0.601,-0.406,Right,0.44,0.825,0.059,-0.35,C
RING,-0.786,0.378,-0.357,Away from you,-0.565,-0.433,-0.702,-0.024,C
MIDDLE,-0.893,0.375,-0.115,Left,0.168,-0.575,0.494,0.63,C
THUMB,-0.856,-0.085,0.562,Left,0.644,-0.347,0.326,0.599,C
INDEX,-0.821,0.462,0.081,Left,0.258,-0.434,0.477,0.72,C
PALM,-0.258,-0.634,-0.747,Down,-0.3,0.685,-0.657,0.096,C
PINKY,-0.607,0.624,-0.428,Right,0.447,0.825,0.07,-0.339,C
RING,-0.761,0.453,-0.385,Away from you,-0.563,-0.429,-0.706,-0.03,C
MIDDLE,-0.903,0.415,-0.129,Left,0.165,-0.577,0.494,0.629,C
THUMB,-0.851,-0.089,0.531,Left,0.646,-0.344,0.328,0.598,C
INDEX,-0.82,0.456,0.094,Left,0.257,-0.432,0.479,0.72,C
PALM,-0.265,-0.653,-0.727,Down,-0.302,0.678,-0.662,0.102,C
PINKY,-0.63,0.617,-0.434,Right,0.451,0.826,0.077,-0.329,C
RING,-0.769,0.474,-0.384,Away from you,-0.56,-0.428,-0.709,-0.036,C
MIDDLE,-0.882,0.417,-0.14,Left,0.162,-0.576,0.496,0.629,C
THUMB,-0.841,-0.053,0.561,Left,0.65,-0.338,0.33,0.595,C
INDEX,-0.792,0.451,0.073,Left,0.259,-0.428,0.484,0.718,C
PALM,-0.284,-0.642,-0.749,Down,-0.303,0.669,-0.67,0.106,C
PINKY,-0.593,0.593,-0.451,Right,0.452,0.826,0.085,-0.325,C
RING,-0.726,0.492,-0.394,Away from you,-0.557,-0.427,-0.711,-0.038,C
MIDDLE,-0.88,0.438,-0.148,Left,0.16,-0.58,0.498,0.625,C
THUMB,-0.869,-0.057,0.544,Left,0.648,-0.336,0.335,0.596,C
INDEX,-0.808,0.44,0.086,Left,0.254,-0.433,0.486,0.716,C
PALM,-0.285,-0.639,-0.728,Down,-0.306,0.666,-0.673,0.104,C
PINKY,-0.642,0.614,-0.424,Right,0.456,0.824,0.108,-0.319,C
RING,-0.741,0.453,-0.391,Away from you,-0.557,-0.411,-0.721,-0.041,C
MIDDLE,-0.875,0.418,-0.171,Left,0.157,-0.589,0.488,0.625,C
THUMB,-0.852,-0.032,0.562,Left,0.644,-0.343,0.337,0.595,C
INDEX,-0.812,0.478,0.057,Left,0.253,-0.439,0.483,0.714,C
PALM,-0.305,-0.614,-0.813,Down,-0.305,0.664,-0.676,0.099,C
PINKY,-0.63,0.694,-0.341,Right,0.499,0.802,0.074,-0.321,C
RING,-0.493,0.54,-0.506,Away from you,-0.661,-0.437,-0.607,-0.064,C
MIDDLE,-0.644,0.675,0.096,Left,0.185,-0.367,0.507,0.758,C
THUMB,0.013,0.313,0.207,Up,0.743,-0.165,0.22,0.61,C
INDEX,-0.259,0.352,0.187,Left,0.315,-0.14,0.456,0.82,C
PALM,0.018,-0.978,-0.589,Away from you,-0.265,0.637,-0.641,0.337,C
PINKY,-0.217,0.652,-0.35,Right,0.576,0.762,-0.114,-0.274,C
RING,-0.466,0.77,-0.246,Away from you,-0.619,-0.521,-0.563,-0.171,C
MIDDLE,-0.726,0.816,0.149,Left,0.12,-0.368,0.557,0.735,C
THUMB,-0.604,-0.035,0.817,Up,0.734,-0.199,0.235,0.605,C
INDEX,-0.596,0.561,0.293,Left,0.285,-0.249,0.484,0.789,C
PALM,0.013,-0.704,-0.71,Down,-0.25,0.645,-0.669,0.273,C
PINKY,-0.526,0.835,-0.227,Right,0.565,0.762,0.004,-0.316,C
RING,-0.656,0.68,-0.231,Away from you,-0.634,-0.445,-0.622,-0.111,C
MIDDLE,-0.776,0.578,0.141,Left,0.153,-0.435,0.501,0.732,C
THUMB,-0.715,-0.082,0.739,Up,0.715,-0.274,0.258,0.59,C
INDEX,-0.701,0.506,0.285,Left,0.28,-0.315,0.468,0.777,C
PALM,-0.054,-0.697,-0.726,Down,-0.255,0.647,-0.681,0.229,C
PINKY,-0.529,0.773,-0.281,Right,0.558,0.772,0.044,-0.302,C
RING,-0.683,0.644,-0.24,Away from you,-0.626,-0.433,-0.64,-0.108,C
MIDDLE,-0.801,0.594,0.081,Left,0.148,-0.463,0.497,0.719,C
THUMB,-0.734,-0.098,0.709,Left,0.706,-0.283,0.272,0.59,C
INDEX,-0.734,0.508,0.241,Left,0.275,-0.337,0.475,0.765,C
PALM,-0.097,-0.715,-0.743,Down,-0.26,0.637,-0.693,0.215,C
PINKY,-0.552,0.755,-0.28,Right,0.551,0.778,0.062,-0.297,C
RING,-0.696,0.613,-0.252,Away from you,-0.622,-0.429,-0.648,-0.102,C
MIDDLE,-0.814,0.572,0.07,Left,0.151,-0.472,0.495,0.714,C
THUMB,-0.763,-0.077,0.7,Left,0.702,-0.288,0.283,0.587,C
INDEX,-0.741,0.502,0.214,Left,0.277,-0.346,0.479,0.758,C
PALM,-0.112,-0.684,-0.741,Down,-0.264,0.626,-0.704,0.207,C
PINKY,-0.552,0.745,-0.3,Right,0.544,0.782,0.079,-0.294,C
RING,-0.693,0.606,-0.272,Away from you,-0.617,-0.425,-0.655,-0.097,C
MIDDLE,-0.807,0.554,0.05,Left,0.154,-0.478,0.493,0.71,C
THUMB,-0.777,-0.073,0.673,Left,0.7,-0.294,0.292,0.582,C
INDEX,-0.769,0.487,0.207,Left,0.277,-0.355,0.482,0.751,C
PALM,-0.139,-0.688,-0.748,Down,-0.266,0.617,-0.713,0.202,C
PINKY,-0.553,0.739,-0.315,Right,0.544,0.783,0.092,-0.287,C
RING,-0.692,0.615,-0.263,Away from you,-0.615,-0.421,-0.66,-0.098,C
MIDDLE,-0.81,0.552,0.06,Left,0.153,-0.479,0.492,0.711,C
THUMB,-0.771,-0.073,0.668,Left,0.7,-0.294,0.294,0.581,C
INDEX,-0.748,0.48,0.199,Left,0.277,-0.356,0.483,0.751,C
PALM,-0.146,-0.693,-0.754,Down,-0.265,0.61,-0.719,0.202,C
PINKY,-0.563,0.741,-0.337,Right,0.545,0.783,0.109,-0.28,C
RING,-0.734,0.619,-0.251,Away from you,-0.611,-0.412,-0.669,-0.101,C
MIDDLE,-0.828,0.518,0.064,Left,0.148,-0.488,0.487,0.709,C
THUMB,-0.766,-0.067,0.651,Left,0.695,-0.297,0.296,0.584,C
INDEX,-0.766,0.495,0.208,Left,0.275,-0.362,0.482,0.749,C
PALM,-0.141,-0.697,-0.741,Down,-0.264,0.605,-0.724,0.2,C
PINKY,-0.56,0.742,-0.307,Right,0.551,0.779,0.12,-0.273,C
RING,-0.726,0.613,-0.24,Away from you,-0.615,-0.406,-0.668,-0.106,C
MIDDLE,-0.816,0.539,0.052,Left,0.149,-0.485,0.483,0.714,C
THUMB,-0.766,-0.078,0.661,Left,0.697,-0.297,0.29,0.584,C
INDEX,-0.712,0.484,0.203,Left,0.286,-0.346,0.469,0.76,C
PALM,-0.133,-0.694,-0.758,Down,-0.253,0.6,-0.731,0.205,C
PINKY,-0.577,0.718,-0.276,Right,0.561,0.768,0.133,-0.279,C
RING,-0.73,0.589,-0.251,Away from you,-0.628,-0.39,-0.666,-0.101,C
MIDDLE,-0.853,0.519,0.068,Left,0.153,-0.494,0.467,0.717,C
THUMB,-0.794,-0.139,0.653,Left,0.692,-0.313,0.291,0.581,C
INDEX,-0.766,0.414,0.259,Left,0.293,-0.358,0.455,0.761,C
PALM,-0.133,-0.641,-0.803,Down,-0.241,0.599,-0.739,0.191,C
PINKY,-0.618,0.749,-0.23,Right,0.573,0.753,0.143,-0.291,C
RING,-0.825,0.691,-0.15,Away from you,-0.652,-0.377,-0.651,-0.097,C
MIDDLE,-0.955,0.602,0.224,Left,0.164,-0.469,0.449,0.743,C
THUMB,-0.96,-0.325,0.898,Left,0.731,-0.31,0.247,0.555,C
INDEX,-0.9,0.569,0.506,Left,0.31,-0.287,0.436,0.795,C
PALM,0.049,-0.839,-0.828,Down,-0.181,0.584,-0.729,0.309,C
PINKY,-0.204,0.84,-0.079,Right,0.688,0.7,-0.045,-0.186,C
RING,-0.291,0.919,0.019,Away from you,-0.707,-0.466,-0.466,-0.257,C
MIDDLE,-0.32,0.752,0.361,Left,0.099,-0.222,0.489,0.837,C
THUMB,-0.185,-0.27,0.927,Up,0.867,-0.172,0.024,0.467,C
INDEX,-0.205,0.476,0.702,Up,0.379,-0.034,0.318,0.868,C
PALM,0.668,-0.721,-0.611,Right,0.062,0.549,-0.688,0.471,C
PINKY,-0.21,0.752,0.424,Right,0.805,0.467,-0.068,-0.359,C
RING,-0.489,0.401,0.478,Away from you,-0.892,-0.269,-0.335,-0.14,C
MIDDLE,-0.382,0.161,0.634,Up,0.296,-0.23,0.215,0.902,C
THUMB,0.409,-0.718,0.301,Towards you,0.855,-0.374,-0.299,0.197,C
INDEX,-0.256,-0.231,0.608,Up,0.563,-0.198,0.093,0.797,C
PALM,0.921,0.158,-0.271,Right,0.498,0.498,-0.622,0.341,C
PINKY,-0.549,0.573,0.494,Right,0.753,0.434,0.141,-0.473,C
RING,-0.859,0.311,0.223,Away from you,-0.818,-0.156,-0.553,0.015,C
MIDDLE,-0.906,-0.034,0.419,Left,0.373,-0.5,0.231,0.747,C
THUMB,0.699,-0.722,0.211,Towards you,0.774,-0.387,-0.495,0.075,C
INDEX,-0.819,-0.14,0.342,Left,0.532,-0.435,0.275,0.672,C
PALM,1.194,0.052,-0.16,Right,0.571,0.442,-0.579,0.378,C
PINKY,-0.823,0.465,0.159,Right,0.692,0.521,0.333,-0.373,C
MIDDLE,-0.997,-0.05,0.142,Towards you,0.241,-0.64,0.183,0.706,C
THUMB,0.782,-0.624,0.08,Towards you,0.75,-0.309,-0.576,0.104,C
INDEX,-0.87,-0.127,0.262,Left,0.435,-0.501,0.258,0.703,C
PALM,1.038,0.011,0.154,Right,0.58,0.448,-0.511,0.45,D
PINKY,-0.775,0.472,0.292,Right,0.755,0.447,0.355,-0.323,D
RING,-0.906,0.202,0.095,Away from you,-0.75,-0.006,-0.65,-0.126,D
MIDDLE,-0.99,-0.059,0.284,Towards you,0.212,-0.595,0.127,0.765,D
THUMB,0.82,-0.583,0.157,Towards you,0.736,-0.277,-0.608,0.11,D
INDEX,-0.888,-0.132,0.288,Left,0.411,-0.499,0.21,0.734,D
PALM,0.926,0.114,0.169,Right,0.591,0.449,-0.48,0.467,D
PINKY,-0.827,0.324,0.324,Right,0.738,0.427,0.399,-0.338,D
RING,-0.918,0.146,0.116,Away from you,-0.738,0.014,-0.667,-0.1,D
MIDDLE,-0.957,-0.065,0.164,Towards you,0.241,-0.616,0.135,0.738,D
THUMB,0.794,-0.663,0.209,Towards you,0.731,-0.299,-0.606,0.089,D
INDEX,-0.897,-0.061,0.193,Left,0.441,-0.507,0.238,0.701,D
PALM,1.044,0.074,0.008,Right,0.603,0.425,-0.518,0.433,D
PINKY,-0.855,0.374,0.262,Right,0.731,0.44,0.402,-0.332,D
RING,-0.94,0.109,0.101,Away from you,-0.735,0.006,-0.671,-0.097,D
THUMB,0.812,-0.601,0.172,Towards you,0.745,-0.315,-0.583,0.08,D
INDEX,-0.831,-0.052,0.331,Left,0.439,-0.497,0.225,0.714,D
PALM,1.037,0.045,0.027,Right,0.604,0.412,-0.524,0.436,D
PINKY,-0.81,0.393,0.285,Right,0.748,0.427,0.406,-0.305,D
RING,-0.958,0.139,0.113,Away from you,-0.74,0.015,-0.662,-0.119,D
MIDDLE,-0.94,-0.085,0.233,Towards you,0.228,-0.606,0.128,0.752,D
THUMB,0.819,-0.628,0.157,Towards you,0.748,-0.307,-0.58,0.098,D
INDEX,-0.799,-0.123,0.354,Left,0.414,-0.501,0.204,0.732,D
PALM,1.03,0.089,0.04,Right,0.592,0.424,-0.521,0.445,D
PINKY,-0.824,0.435,0.236,Right,0.758,0.416,0.425,-0.27,D
RING,-0.958,0.184,0.07,Away from you,-0.731,0.028,-0.667,-0.14,D
MIDDLE,-0.949,-0.06,0.223,Towards you,0.212,-0.61,0.126,0.753,D
THUMB,0.805,-0.622,0.16,Towards you,0.754,-0.303,-0.571,0.116,D
INDEX,-0.842,-0.11,0.318,Left,0.396,-0.507,0.201,0.739,D
PALM,1.041,0.068,0.022,Right,0.581,0.425,-0.534,0.443,D
PINKY,-0.84,0.394,0.241,Right,0.763,0.404,0.442,-0.245,D
RING,-0.953,0.146,0.094,Away from you,-0.729,0.044,-0.666,-0.153,D
MIDDLE,-0.941,-0.037,0.264,Towards you,0.204,-0.608,0.116,0.758,D
THUMB,0.812,-0.599,0.169,Towards you,0.753,-0.299,-0.572,0.124,D
INDEX,-0.82,-0.098,0.353,Left,0.388,-0.504,0.191,0.747,D
PALM,1.039,0.051,0.036,Right,0.583,0.42,-0.537,0.442,D
PINKY,-0.831,0.421,0.243,Right,0.767,0.4,0.449,-0.222,D
RING,-0.945,0.16,0.1,Away from you,-0.723,0.048,-0.668,-0.169,D
MIDDLE,-0.925,-0.042,0.247,Towards you,0.193,-0.61,0.117,0.759,D
THUMB,0.778,-0.642,0.224,Towards you,0.759,-0.297,-0.563,0.135,D
INDEX,-0.883,-0.053,0.281,Left,0.374,-0.51,0.194,0.75,D
PALM,1.047,0.04,-0.047,Right,0.572,0.418,-0.554,0.437,D
PINKY,-0.821,0.401,0.257,Right,0.772,0.39,0.46,-0.202,D
RING,-0.949,0.161,0.091,Away from you,-0.72,0.059,-0.667,-0.18,D
MIDDLE,-0.943,-0.029,0.245,Towards you,0.189,-0.612,0.112,0.76,D
THUMB,0.796,-0.633,0.2,Towards you,0.759,-0.298,-0.562,0.139,D
INDEX,-0.839,-0.076,0.333,Left,0.372,-0.512,0.187,0.752,D
PALM,1.054,0.058,-0.018,Right,0.583,0.412,-0.555,0.427,D
PINKY,-0.817,0.395,0.256,Right,0.773,0.376,0.471,-0.197,D
RING,-0.947,0.1,0.072,Away from you,-0.72,0.072,-0.667,-0.176,D
MIDDLE,-0.958,-0.082,0.216,Towards you,0.199,-0.617,0.103,0.755,D
THUMB,0.788,-0.608,0.174,Towards you,0.753,-0.311,-0.562,0.143,D
INDEX,-0.854,-0.097,0.303,Left,0.375,-0.521,0.177,0.746,D
PALM,1.043,0.104,-0.046,Right,0.59,0.414,-0.561,0.408,D
PINKY,-0.859,0.378,0.201,Right,0.779,0.361,0.477,-0.186,D
RING,-0.982,0.139,0.0,Away from you,-0.725,0.077,-0.659,-0.184,D
MIDDLE,-0.948,0.006,0.25,Towards you,0.197,-0.602,0.104,0.767,D
THUMB,0.822,-0.552,0.167,Towards you,0.754,-0.303,-0.571,0.119,D
INDEX,-0.818,-0.09,0.394,Left,0.387,-0.486,0.167,0.765,D
PALM,1.027,0.092,0.125,Right,0.629,0.374,-0.547,0.406,D
PINKY,-0.738,0.341,0.477,Right,0.82,0.341,0.421,-0.186,D
RING,-0.892,0.141,0.368,Away from you,-0.772,0.049,-0.604,-0.195,D
MIDDLE,-0.823,-0.036,0.53,Towards you,0.224,-0.537,0.114,0.805,D
THUMB,0.905,-0.48,0.096,Towards you,0.743,-0.291,-0.6,0.056,D
INDEX,-0.745,-0.043,0.476,Left,0.421,-0.441,0.166,0.775,D
PALM,1.03,0.02,0.208,Right,0.661,0.324,-0.554,0.389,D
PINKY,-0.852,0.45,0.273,Right,0.798,0.384,0.408,-0.221,D
RING,-0.964,0.191,0.086,Away from you,-0.763,0.002,-0.63,-0.147,D
MIDDLE,-1.052,-0.019,0.186,Towards you,0.272,-0.551,0.159,0.773,D
THUMB,0.741,-0.65,0.32,Towards you,0.759,-0.336,-0.557,0.039,D
INDEX,-0.784,-0.056,0.384,Left,0.463,-0.446,0.191,0.742,D
PALM,1.024,0.075,0.132,Right,0.675,0.298,-0.583,0.34,D
PINKY,-0.77,0.341,0.479,Right,0.82,0.353,0.392,-0.221,D
RING,-0.865,0.133,0.349,Away from you,-0.788,0.017,-0.596,-0.154,D
MIDDLE,-0.846,-0.098,0.514,Towards you,0.273,-0.529,0.13,0.793,D
THUMB,0.884,-0.481,0.1,Towards you,0.742,-0.321,-0.588,0.024,D
INDEX,-0.807,-0.071,0.414,Left,0.452,-0.446,0.173,0.753,D
PALM,1.039,0.008,0.117,Right,0.687,0.292,-0.571,0.341,D
PINKY,-0.809,0.434,0.328,Right,0.801,0.365,0.422,-0.216,D
RING,-0.965,0.227,0.138,Away from you,-0.762,0.016,-0.631,-0.143,D
MIDDLE,-0.913,0.044,0.337,Towards you,0.28,-0.559,0.153,0.766,D
THUMB,0.89,-0.534,0.198,Towards you,0.744,-0.34,-0.575,0.003,D
INDEX,-0.742,-0.003,0.398,Left,0.47,-0.453,0.186,0.734,D
PALM,1.077,0.058,0.183,Right,0.712,0.274,-0.569,0.308,D
PINKY,-0.742,0.208,0.525,Right,0.832,0.302,0.408,-0.222,D
RING,-0.776,0.011,0.259,Away from you,-0.799,0.051,-0.583,-0.142,D
MIDDLE,-0.842,-0.216,0.459,Towards you,0.305,-0.527,0.09,0.788,D
THUMB,0.87,-0.58,-0.147,Towards you,0.672,-0.394,-0.627,0.013,D
INDEX,-0.809,-0.225,0.469,Left,0.477,-0.465,0.107,0.738,D
PALM,0.937,0.079,0.177,Right,0.735,0.299,-0.537,0.285,D
PINKY,-0.768,0.259,0.546,Right,0.834,0.281,0.431,-0.202,D
RING,-0.947,0.03,0.219,Away from you,-0.78,0.082,-0.6,-0.156,D
MIDDLE,-0.894,-0.096,0.311,Towards you,0.283,-0.56,0.081,0.775,D
THUMB,0.877,-0.497,-0.137,Towards you,0.633,-0.382,-0.672,0.034,D
INDEX,-0.788,-0.136,0.38,Towards you,0.436,-0.488,0.126,0.746,D
PALM,0.997,0.172,0.168,Right,0.72,0.305,-0.539,0.313,D
PINKY,-0.789,0.305,0.446,Away from you,0.826,0.271,0.47,-0.156,D
RING,-0.93,0.085,0.269,Away from you,-0.754,0.11,-0.623,-0.179,D
MIDDLE,-0.884,-0.169,0.345,Towards you,0.261,-0.582,0.075,0.766,D
THUMB,0.776,-0.621,-0.198,Towards you,0.618,-0.383,-0.685,0.048,D
INDEX,-0.857,-0.216,0.298,Left,0.435,-0.509,0.133,0.731,D
PALM,1.006,0.175,0.14,Right,0.714,0.306,-0.556,0.295,D
PINKY,-0.833,0.321,0.344,Away from you,0.814,0.28,0.485,-0.155,D
RING,-0.911,0.117,0.119,Away from you,-0.74,0.107,-0.643,-0.167,D
MIDDLE,-0.942,-0.146,0.223,Towards you,0.273,-0.598,0.095,0.748,D
THUMB,0.803,-0.613,-0.173,Towards you,0.633,-0.403,-0.659,0.052,D
INDEX,-0.807,-0.226,0.365,Left,0.445,-0.516,0.154,0.715,D
PALM,1.0,0.159,0.128,Right,0.716,0.285,-0.576,0.272,D
PINKY,-0.835,0.33,0.33,Away from you,0.806,0.297,0.485,-0.165,D
RING,-0.94,0.058,0.121,Away from you,-0.741,0.079,-0.65,-0.15,D
MIDDLE,-0.925,-0.143,0.289,Towards you,0.301,-0.588,0.131,0.74,D
THUMB,0.839,-0.601,-0.073,Towards you,0.66,-0.367,-0.654,0.043,D
INDEX,-0.873,-0.089,0.322,Left,0.465,-0.499,0.187,0.707,D
PALM,1.026,0.058,0.156,Towards you,0.727,0.234,-0.593,0.257,D
PINKY,-0.807,0.397,0.361,Away from you,0.821,0.316,0.457,-0.135,D
RING,-0.86,0.111,0.185,Away from you,-0.757,0.058,-0.626,-0.178,D
MIDDLE,-0.938,-0.101,0.372,Towards you,0.291,-0.544,0.13,0.776,D
THUMB,0.901,-0.438,-0.172,Towards you,0.649,-0.235,-0.719,0.08,D
INDEX,-0.763,-0.158,0.465,Left,0.454,-0.453,0.138,0.755,D
PALM,1.035,0.053,0.192,Towards you,0.723,0.244,-0.582,0.283,D
PINKY,-0.861,0.31,0.317,Away from you,0.819,0.306,0.47,-0.119,D
RING,-0.908,0.157,0.102,Away from you,-0.744,0.071,-0.64,-0.178,D
MIDDLE,-0.942,-0.073,0.275,Towards you,0.292,-0.577,0.147,0.749,D
THUMB,0.972,-0.38,0.051,Towards you,0.717,-0.288,-0.632,-0.049,D
INDEX,-0.805,-0.061,0.355,Left,0.444,-0.489,0.189,0.727,D
PALM,1.02,0.099,0.225,Towards you,0.74,0.215,-0.586,0.252,D
PINKY,-0.832,0.372,0.308,Away from you,0.809,0.294,0.494,-0.121,D
RING,-0.94,0.16,0.137,Away from you,-0.736,0.087,-0.646,-0.18,D
MIDDLE,-0.957,-0.065,0.277,Towards you,0.282,-0.589,0.143,0.744,D
THUMB,0.963,-0.326,0.063,Towards you,0.719,-0.27,-0.639,-0.045,D
INDEX,-0.82,-0.147,0.361,Left,0.433,-0.504,0.177,0.726,D
PALM,1.013,0.142,0.219,Towards you,0.746,0.231,-0.576,0.242,D
PINKY,-0.855,0.29,0.317,Away from you,0.814,0.244,0.518,-0.099,D
RING,-0.945,0.027,0.143,Away from you,-0.732,0.142,-0.637,-0.193,D
MIDDLE,-0.901,-0.201,0.288,Towards you,0.269,-0.603,0.095,0.745,D
THUMB,0.931,-0.403,-0.056,Towards you,0.701,-0.275,-0.658,-0.007,D
INDEX,-0.837,-0.255,0.29,Towards you,0.409,-0.534,0.137,0.727,D
PALM,1.006,0.224,0.129,Towards you,0.736,0.266,-0.575,0.238,D
PINKY,-0.868,0.315,0.276,Away from you,0.808,0.222,0.539,-0.087,D
RING,-0.958,0.069,0.1,Away from you,-0.725,0.154,-0.643,-0.193,D
MIDDLE,-0.927,-0.113,0.251,Towards you,0.275,-0.61,0.103,0.736,D
THUMB,0.946,-0.394,0.02,Towards you,0.706,-0.292,-0.645,-0.021,D
INDEX,-0.829,-0.191,0.325,Left,0.418,-0.532,0.153,0.72,D
PALM,1.007,0.185,0.173,Towards you,0.741,0.241,-0.586,0.22,D
PINKY,-0.873,0.259,0.289,Away from you,0.809,0.217,0.542,-0.074,D
RING,-0.96,0.017,0.118,Away from you,-0.723,0.163,-0.641,-0.2,D
MIDDLE,-0.935,-0.19,0.247,Towards you,0.27,-0.612,0.093,0.737,D
THUMB,0.934,-0.421,-0.005,Towards you,0.702,-0.294,-0.648,-0.012,D
INDEX,-0.849,-0.209,0.297,Towards you,0.404,-0.541,0.14,0.724,D
PALM,1.011,0.175,0.133,Towards you,0.737,0.249,-0.588,0.221,D
PINKY,-0.877,0.271,0.277,Away from you,0.806,0.201,0.554,-0.047,E
RING,-0.953,0.021,0.099,Away from you,-0.714,0.179,-0.642,-0.215,E
MIDDLE,-0.931,-0.176,0.251,Towards you,0.26,-0.617,0.086,0.738,E
THUMB,0.944,-0.393,-0.023,Towards you,0.703,-0.291,-0.649,-0.008,E
INDEX,-0.844,-0.193,0.305,Towards you,0.393,-0.543,0.133,0.73,E
PALM,1.014,0.166,0.141,Towards you,0.739,0.245,-0.589,0.218,E
PINKY,-0.866,0.28,0.302,Away from you,0.807,0.189,0.56,-0.028,E
RING,-0.959,0.03,0.109,Away from you,-0.711,0.187,-0.639,-0.225,E
MIDDLE,-0.936,-0.168,0.24,Towards you,0.257,-0.616,0.085,0.74,E
THUMB,0.937,-0.422,-0.006,Towards you,0.703,-0.291,-0.649,-0.007,E
INDEX,-0.839,-0.194,0.305,Towards you,0.388,-0.544,0.13,0.732,E
PALM,1.003,0.178,0.138,Towards you,0.741,0.238,-0.592,0.21,E
PINKY,-0.88,0.281,0.282,Away from you,0.807,0.178,0.563,-0.012,E
RING,-0.946,0.049,0.109,Away from you,-0.708,0.193,-0.638,-0.233,E
MIDDLE,-0.95,-0.147,0.243,Towards you,0.254,-0.617,0.086,0.74,E
THUMB,0.932,-0.394,0.001,Towards you,0.705,-0.291,-0.647,-0.01,E
INDEX,-0.859,-0.206,0.292,Towards you,0.381,-0.546,0.129,0.735,E
PALM,1.008,0.165,0.146,Towards you,0.742,0.231,-0.595,0.203,E
PINKY,-0.88,0.276,0.282,Away from you,0.806,0.167,0.568,0.004,E
RING,-0.962,0.016,0.098,Away from you,-0.705,0.201,-0.637,-0.24,E
MIDDLE,-0.928,-0.177,0.237,Towards you,0.254,-0.618,0.082,0.74,E
RING,-0.962,0.024,0.103,Away from you,-0.696,0.221,-0.629,-0.267,E
MIDDLE,-0.921,-0.166,0.246,Towards you,0.244,-0.617,0.077,0.744,E
THUMB,0.935,-0.427,-0.014,Towards you,0.704,-0.289,-0.649,-0.008,E
INDEX,-0.852,-0.197,0.28,Towards you,0.36,-0.55,0.111,0.746,E
PALM,1.015,0.163,0.143,Towards you,0.75,0.207,-0.603,0.174,E
PINKY,-0.854,0.289,0.291,Away from you,0.803,0.12,0.578,0.074,E
RING,-0.969,0.028,0.062,Away from you,-0.69,0.231,-0.627,-0.277,E
MIDDLE,-0.944,-0.165,0.211,Towards you,0.239,-0.622,0.075,0.742,E
THUMB,0.938,-0.409,-0.003,Towards you,0.706,-0.29,-0.646,-0.004,E
INDEX,-0.861,-0.18,0.298,Towards you,0.352,-0.554,0.11,0.746,E
PALM,1.01,0.168,0.157,Towards you,0.75,0.201,-0.608,0.167,E
PINKY,-0.866,0.291,0.289,Away from you,0.799,0.108,0.585,0.091,E
RING,-0.957,0.047,0.094,Away from you,-0.685,0.241,-0.625,-0.287,E
MIDDLE,-0.937,-0.161,0.221,Towards you,0.235,-0.621,0.072,0.744,E
THUMB,0.938,-0.425,-0.005,Towards you,0.706,-0.287,-0.648,-0.004,E
INDEX,-0.834,-0.191,0.312,Towards you,0.344,-0.552,0.104,0.752,E
PALM,1.011,0.168,0.16,Towards you,0.753,0.195,-0.607,0.163,E
PINKY,-0.864,0.299,0.285,Away from you,0.797,0.095,0.586,0.112,E
RING,-0.953,0.043,0.104,Left,-0.681,0.248,-0.621,-0.298,E
MIDDLE,-0.933,-0.156,0.239,Towards you,0.231,-0.62,0.069,0.747,E
THUMB,0.932,-0.408,-0.009,Towards you,0.706,-0.286,-0.648,-0.004,E
INDEX,-0.825,-0.196,0.313,Towards you,0.338,-0.553,0.099,0.755,E
PALM,1.018,0.156,0.153,Towards you,0.754,0.19,-0.609,0.156,E
PINKY,-0.878,0.268,0.26,Away from you,0.792,0.079,0.59,0.133,E
RING,-0.96,0.044,0.083,Left,-0.673,0.263,-0.618,-0.309,E
MIDDLE,-0.937,-0.154,0.229,Towards you,0.222,-0.625,0.062,0.746,E
THUMB,0.934,-0.419,0.005,Towards you,0.707,-0.283,-0.648,0.004,E
INDEX,-0.844,-0.198,0.295,Towards you,0.326,-0.558,0.093,0.758,E
PALM,1.016,0.177,0.147,Towards you,0.752,0.188,-0.613,0.153,E
PINKY,-0.883,0.279,0.26,Away from you,0.788,0.065,0.594,0.15,E
RING,-0.958,0.037,0.079,Left,-0.668,0.271,-0.616,-0.317,E
MIDDLE,-0.938,-0.167,0.221,Towards you,0.219,-0.626,0.059,0.746,E
THUMB,0.929,-0.44,0.01,Towards you,0.707,-0.283,-0.648,0.006,E
INDEX,-0.835,-0.185,0.301,Towards you,0.322,-0.559,0.089,0.759,E
PALM,1.008,0.165,0.149,Towards you,0.754,0.18,-0.615,0.143,E
PINKY,-0.872,0.29,0.271,Away from you,0.787,0.055,0.592,0.166,E
RING,-0.961,0.043,0.085,Left,-0.667,0.275,-0.611,-0.326,E
MIDDLE,-0.936,-0.166,0.238,Towards you,0.217,-0.623,0.059,0.749,E
THUMB,0.938,-0.387,-0.007,Towards you,0.706,-0.281,-0.65,0.003,E
INDEX,-0.84,-0.175,0.31,Towards you,0.316,-0.556,0.085,0.764,E
PALM,1.018,0.156,0.159,Towards you,0.757,0.173,-0.615,0.137,E
PINKY,-0.863,0.274,0.301,Away from you,0.78,0.044,0.597,0.18,E
RING,-0.941,0.044,0.111,Left,-0.66,0.283,-0.612,-0.331,E
MIDDLE,-0.944,-0.135,0.216,Towards you,0.214,-0.628,0.059,0.746,E
THUMB,0.923,-0.449,0.048,Towards you,0.712,-0.285,-0.642,0.007,E
INDEX,-0.89,-0.16,0.237,Towards you,0.307,-0.566,0.089,0.76,E
PALM,1.031,0.141,0.068,Towards you,0.748,0.166,-0.629,0.131,E
PINKY,-0.867,0.279,0.278,Away from you,0.771,0.03,0.604,0.198,E
RING,-0.966,0.033,0.084,Left,-0.651,0.295,-0.612,-0.34,E
MIDDLE,-0.937,-0.159,0.218,Towards you,0.208,-0.632,0.054,0.745,E
THUMB,0.911,-0.423,0.033,Towards you,0.711,-0.283,-0.643,0.011,E
INDEX,-0.867,-0.179,0.275,Towards you,0.299,-0.566,0.081,0.764,E
PALM,1.029,0.15,0.112,Towards you,0.751,0.162,-0.627,0.125,E
PINKY,-0.666,0.465,0.636,Away from you,0.834,0.071,0.471,0.278,E
RING,-0.785,0.263,0.606,Up,-0.767,0.132,-0.419,-0.467,E
MIDDLE,-0.423,-0.092,0.944,Up,0.191,-0.238,0.001,0.952,E
THUMB,0.81,-0.594,0.055,Towards you,0.724,-0.317,-0.604,0.102,E
INDEX,0.473,-0.361,0.424,Up,0.261,0.048,-0.213,0.94,E
PALM,1.015,0.116,-0.025,Towards you,0.713,0.181,-0.666,0.125,E
PINKY,0.524,-0.025,0.874,Up,0.872,0.103,-0.237,0.415,E
RING,0.779,-0.172,0.61,Right,-0.685,-0.206,0.343,-0.609,E
MIDDLE,0.964,-0.209,0.233,Away from you,0.019,0.542,-0.1,0.834,E
THUMB,0.692,-0.603,0.464,Towards you,0.824,-0.365,-0.432,0.036,E
INDEX,0.946,-0.335,0.001,Right,0.16,0.54,-0.391,0.727,E
PALM,1.028,0.194,0.045,Towards you,0.728,0.161,-0.662,0.07,E
PINKY,0.894,-0.4,0.353,Towards you,0.733,0.022,-0.584,0.347,E
RING,0.982,-0.249,0.108,Right,-0.531,-0.279,0.625,-0.5,E
MIDDLE,1.006,-0.103,0.008,Away from you,0.048,0.685,-0.141,0.713,E
THUMB,0.675,-0.361,0.751,Up,0.908,-0.242,-0.31,-0.145,E
INDEX,0.998,-0.277,-0.13,Right,0.197,0.601,-0.405,0.661,E
PALM,1.023,0.138,0.106,Towards you,0.747,0.108,-0.655,0.04,E
PINKY,0.953,-0.393,0.179,Towards you,0.711,-0.022,-0.642,0.287,E
RING,0.984,-0.317,0.017,Right,-0.546,-0.257,0.658,-0.45,E
MIDDLE,1.002,-0.144,-0.037,Away from you,0.096,0.684,-0.166,0.704,E
THUMB,0.509,-0.068,0.951,Up,0.926,-0.115,-0.202,-0.298,E
INDEX,1.004,-0.243,-0.08,Right,0.248,0.59,-0.438,0.631,E
PALM,1.019,0.152,0.13,Towards you,0.76,0.043,-0.648,-0.022,E
PINKY,0.962,-0.384,0.17,Towards you,0.733,-0.077,-0.642,0.21,E
RING,0.984,-0.294,0.076,Right,-0.595,-0.215,0.66,-0.405,E
MIDDLE,1.008,-0.112,0.066,Away from you,0.148,0.659,-0.192,0.712,E
THUMB,0.392,-0.006,0.978,Up,0.908,-0.077,-0.168,-0.376,E
INDEX,1.0,-0.211,-0.029,Right,0.281,0.584,-0.456,0.609,E
PALM,1.032,0.079,0.11,Towards you,0.765,0.008,-0.642,-0.044,E
PINKY,0.948,-0.421,0.055,Towards you,0.711,-0.084,-0.669,0.2,E
RING,0.953,-0.343,-0.185,Right,-0.537,-0.244,0.714,-0.378,E
MIDDLE,0.984,-0.061,-0.232,Away from you,0.112,0.74,-0.191,0.635,E
THUMB,0.387,0.06,0.986,Up,0.914,-0.043,-0.176,-0.363,E
INDEX,1.014,-0.169,-0.309,Right,0.244,0.667,-0.453,0.539,E
PALM,1.009,0.116,0.159,Towards you,0.776,0.004,-0.63,-0.04,E
PINKY,1.012,-0.293,0.085,Towards you,0.689,-0.087,-0.697,0.179,E
RING,0.965,-0.235,-0.23,Right,-0.515,-0.28,0.731,-0.35,E
MIDDLE,0.975,-0.094,-0.346,Away from you,0.109,0.769,-0.165,0.608,E
THUMB,0.41,0.098,0.964,Up,0.924,-0.037,-0.166,-0.344,E
INDEX,1.009,-0.129,-0.324,Right,0.248,0.681,-0.429,0.539,E
PALM,1.02,0.104,0.113,Towards you,0.772,-0.003,-0.635,-0.038,E
PINKY,1.01,-0.295,0.04,Towards you,0.694,-0.089,-0.698,0.151,E
RING,0.981,-0.18,-0.201,Right,-0.529,-0.285,0.729,-0.328,E
MIDDLE,0.98,-0.001,-0.262,Away from you,0.13,0.768,-0.156,0.607,E
THUMB,0.343,0.05,0.995,Up,0.93,-0.034,-0.154,-0.334,E
INDEX,1.018,-0.072,-0.256,Right,0.253,0.686,-0.415,0.542,E
PALM,1.019,0.075,0.166,Towards you,0.772,-0.008,-0.635,-0.032,E
PINKY,0.982,-0.374,0.013,Towards you,0.691,-0.097,-0.701,0.148,E
RING,0.97,-0.221,-0.23,Right,-0.528,-0.278,0.733,-0.327,E
MIDDLE,0.972,0.019,-0.242,Away from you,0.128,0.767,-0.161,0.608,E
THUMB,0.329,0.047,1.014,Up,0.929,-0.032,-0.16,-0.333,E
INDEX,1.023,-0.107,-0.278,Right,0.252,0.684,-0.42,0.541,E
PALM,1.017,0.099,0.141,Towards you,0.772,-0.008,-0.635,-0.039,E
PINKY,0.994,-0.341,0.01,Towards you,0.7,-0.109,-0.692,0.138,E
RING,0.984,-0.193,-0.173,Right,-0.541,-0.269,0.727,-0.327,E
MIDDLE,0.991,-0.011,-0.201,Away from you,0.132,0.758,-0.163,0.618,E
THUMB,0.338,0.016,1.014,Up,0.931,-0.037,-0.158,-0.328,E
INDEX,1.028,-0.135,-0.242,Right,0.257,0.674,-0.423,0.548,E
PALM,1.022,0.098,0.16,Towards you,0.768,-0.011,-0.639,-0.046,E
PINKY,1.0,-0.331,0.026,Towards you,0.708,-0.122,-0.684,0.127,E
RING,0.989,-0.189,-0.173,Right,-0.55,-0.262,0.723,-0.326,E
MIDDLE,0.988,-0.008,-0.195,Away from you,0.136,0.752,-0.163,0.624,E
THUMB,0.334,0.03,1.002,Up,0.933,-0.037,-0.155,-0.324,E
INDEX,1.02,-0.129,-0.223,Right,0.26,0.672,-0.423,0.55,E
PALM,1.027,0.11,0.141,Towards you,0.767,-0.017,-0.639,-0.052,E
PINKY,0.988,-0.351,0.041,Towards you,0.711,-0.133,-0.681,0.114,E
RING,0.987,-0.192,-0.167,Right,-0.555,-0.255,0.724,-0.321,E
MIDDLE,0.99,-0.005,-0.216,Away from you,0.138,0.752,-0.165,0.624,E
THUMB,0.331,0.036,1.01,Up,0.933,-0.033,-0.157,-0.323,E
INDEX,1.021,-0.104,-0.241,Right,0.262,0.672,-0.426,0.546,E
PALM,1.024,0.106,0.16,Towards you,0.77,-0.024,-0.635,-0.06,E
PINKY,0.992,-0.34,0.066,Towards you,0.714,-0.146,-0.678,0.099,E
RING,0.99,-0.203,-0.149,Right,-0.56,-0.247,0.725,-0.315,E
MIDDLE,0.986,-0.01,-0.212,Away from you,0.141,0.75,-0.167,0.624,E
THUMB,0.34,0.042,1.008,Up,0.934,-0.032,-0.157,-0.319,E
INDEX,1.022,-0.104,-0.273,Right,0.264,0.67,-0.429,0.545,F
PALM,1.015,0.089,0.157,Towards you,0.77,-0.03,-0.634,-0.065,F
PINKY,0.995,-0.336,0.058,Towards you,0.716,-0.158,-0.675,0.085,F
RING,0.99,-0.194,-0.145,Right,-0.564,-0.241,0.727,-0.309,F
MIDDLE,0.993,-0.021,-0.202,Away from you,0.143,0.749,-0.168,0.625,F
THUMB,0.335,0.046,1.008,Up,0.935,-0.031,-0.156,-0.318,F
INDEX,1.026,-0.132,-0.232,Right,0.268,0.668,-0.432,0.543,F
PALM,1.016,0.092,0.156,Towards you,0.769,-0.037,-0.634,-0.073,F
PINKY,0.991,-0.345,0.057,Towards you,0.717,-0.172,-0.672,0.071,F
RING,0.989,-0.218,-0.162,Right,-0.567,-0.233,0.729,-0.304,F
MIDDLE,0.996,-0.018,-0.151,Away from you,0.145,0.748,-0.172,0.625,F
THUMB,0.34,0.03,1.01,Up,0.935,-0.032,-0.157,-0.316,F
INDEX,1.02,-0.12,-0.225,Right,0.27,0.665,-0.435,0.544,F
PALM,1.018,0.102,0.166,Towards you,0.768,-0.042,-0.634,-0.081,F
PINKY,0.996,-0.336,0.043,Towards you,0.72,-0.186,-0.667,0.056,F
RING,0.991,-0.175,-0.148,Towards you,-0.572,-0.223,0.732,-0.296,F
PINKY,0.999,-0.329,0.068,Towards you,0.725,-0.271,-0.632,-0.044,F
RING,0.993,-0.198,-0.145,Towards you,-0.601,-0.166,0.739,-0.254,F
MIDDLE,0.998,0.006,-0.151,Away from you,0.171,0.734,-0.193,0.628,F
THUMB,0.324,0.043,1.014,Up,0.938,-0.027,-0.151,-0.311,F
INDEX,1.017,-0.118,-0.205,Right,0.296,0.641,-0.459,0.54,F
PALM,1.021,0.099,0.155,Towards you,0.76,-0.094,-0.628,-0.14,F
PINKY,0.996,-0.321,0.072,Towards you,0.725,-0.281,-0.626,-0.057,F
RING,0.993,-0.185,-0.129,Towards you,-0.604,-0.159,0.741,-0.247,F
MIDDLE,0.995,0.004,-0.174,Away from you,0.173,0.733,-0.195,0.628,F
THUMB,0.316,0.042,1.01,Up,0.939,-0.025,-0.152,-0.309,F
INDEX,1.023,-0.12,-0.201,Right,0.297,0.64,-0.46,0.539,F
PALM,1.021,0.092,0.157,Towards you,0.759,-0.1,-0.626,-0.146,F
PINKY,0.998,-0.333,0.078,Towards you,0.724,-0.292,-0.621,-0.069,F
RING,0.996,-0.179,-0.126,Towards you,-0.606,-0.153,0.742,-0.243,F
MIDDLE,0.995,-0.006,-0.17,Away from you,0.174,0.733,-0.196,0.628,F
THUMB,0.319,0.051,1.009,Up,0.94,-0.024,-0.152,-0.305,F
INDEX,1.024,-0.129,-0.205,Right,0.299,0.638,-0.463,0.538,F
PALM,1.024,0.09,0.159,Towards you,0.759,-0.105,-0.625,-0.153,F
PINKY,0.998,-0.321,0.06,Towards you,0.723,-0.303,-0.615,-0.083,F
RING,0.992,-0.197,-0.118,Towards you,-0.61,-0.144,0.743,-0.237,F
MIDDLE,0.998,-0.011,-0.169,Away from you,0.177,0.731,-0.198,0.629,F
THUMB,0.31,0.049,1.012,Up,0.94,-0.024,-0.151,-0.304,F
INDEX,1.021,-0.12,-0.196,Right,0.303,0.633,-0.466,0.539,F
PALM,1.019,0.099,0.159,Towards you,0.757,-0.111,-0.624,-0.16,F
PINKY,0.992,-0.328,0.077,Towards you,0.723,-0.313,-0.608,-0.096,F
RING,0.992,-0.204,-0.118,Towards you,-0.613,-0.137,0.743,-0.231,F
MIDDLE,0.993,-0.005,-0.171,Away from you,0.178,0.73,-0.2,0.629,F
THUMB,0.317,0.058,1.008,Up,0.941,-0.023,-0.151,-0.302,F
INDEX,1.024,-0.12,-0.195,Right,0.305,0.631,-0.468,0.538,F
PALM,1.022,0.084,0.172,Towards you,0.755,-0.117,-0.623,-0.167,F
PINKY,0.992,-0.337,0.088,Towards you,0.723,-0.323,-0.601,-0.109,F
RING,0.995,-0.189,-0.116,Towards you,-0.617,-0.13,0.742,-0.227,F
MIDDLE,1.0,-0.012,-0.134,Away from you,0.179,0.727,-0.2,0.632,F
THUMB,0.307,0.044,1.007,Up,0.943,-0.026,-0.149,-0.296,F
INDEX,1.031,-0.138,-0.174,Right,0.31,0.623,-0.468,0.545,F
PALM,1.028,0.077,0.157,Towards you,0.752,-0.119,-0.626,-0.167,F
PINKY,0.992,-0.325,0.111,Towards you,0.73,-0.32,-0.592,-0.116,F
RING,0.997,-0.18,-0.073,Towards you,-0.625,-0.13,0.734,-0.23,F
MIDDLE,1.009,-0.017,-0.122,Away from you,0.175,0.722,-0.192,0.641,F
THUMB,0.301,0.046,1.042,Up,0.95,-0.024,-0.152,-0.273,F
INDEX,1.03,-0.107,-0.157,Right,0.311,0.615,-0.46,0.56,F
PALM,1.002,0.148,0.124,Towards you,0.757,-0.109,-0.626,-0.154,F
PINKY,1.001,-0.217,0.139,Towards you,0.783,-0.22,-0.579,-0.061,F
RING,0.95,0.039,0.304,Right,-0.707,-0.238,0.577,-0.332,F
MIDDLE,0.906,0.008,0.429,Away from you,0.097,0.562,-0.025,0.821,F
THUMB,0.561,-0.681,0.568,Towards you,0.877,-0.273,-0.364,0.156,F
INDEX,0.875,-0.222,0.355,Away from you,0.193,0.505,-0.294,0.788,F
PALM,1.047,0.043,-0.038,Towards you,0.716,0.064,-0.693,0.059,F
PINKY,0.746,0.287,0.661,Up,0.912,0.124,-0.374,0.115,F
RING,0.521,0.337,0.83,Up,-0.766,-0.268,0.153,-0.564,F
MIDDLE,0.464,0.278,0.847,Up,-0.086,0.213,0.12,0.966,F
THUMB,0.467,-0.833,0.378,Towards you,0.697,-0.314,-0.458,0.454,F
INDEX,0.599,-0.121,0.63,Up,0.009,0.322,-0.152,0.934,F
PALM,1.017,0.018,-0.248,Towards you,0.626,0.21,-0.724,0.198,F
PINKY,0.293,0.357,1.014,Up,0.934,0.139,-0.121,0.307,F
RING,-0.207,0.325,0.972,Up,-0.696,-0.053,-0.143,-0.701,F
MIDDLE,-0.152,0.153,0.928,Up,-0.216,-0.062,0.05,0.973,F
THUMB,0.196,-0.98,0.333,Towards you,0.594,-0.318,-0.499,0.546,F
INDEX,0.063,-0.24,0.893,Up,-0.11,0.118,-0.147,0.976,F
PALM,0.983,0.125,-0.195,Towards you,0.603,0.296,-0.707,0.221,F
PINKY,0.236,0.358,0.962,Up,0.921,0.108,-0.029,0.373,F
RING,-0.234,0.307,0.943,Up,-0.662,0.014,-0.178,-0.729,F
MIDDLE,-0.133,0.157,1.0,Up,-0.231,-0.082,0.026,0.969,F
THUMB,0.375,-0.911,0.357,Towards you,0.633,-0.279,-0.5,0.521,F
INDEX,0.192,-0.179,0.843,Up,-0.12,0.111,-0.124,0.979,F
PALM,1.038,0.079,-0.159,Towards you,0.621,0.269,-0.701,0.226,F
PINKY,0.21,0.277,0.938,Up,0.916,0.119,-0.03,0.382,F
RING,-0.232,0.26,0.949,Up,-0.647,0.015,-0.178,-0.741,F
MIDDLE,-0.154,0.124,0.99,Up,-0.246,-0.081,0.026,0.966,F
THUMB,0.324,-0.886,0.396,Towards you,0.633,-0.27,-0.492,0.533,F
INDEX,0.158,-0.153,0.852,Up,-0.132,0.123,-0.116,0.977,F
PALM,1.034,0.045,-0.214,Towards you,0.618,0.268,-0.706,0.221,F
PINKY,0.187,0.254,0.965,Up,0.916,0.111,-0.037,0.384,F
RING,-0.257,0.263,0.958,Up,-0.652,0.018,-0.171,-0.739,F
MIDDLE,-0.118,0.059,1.0,Up,-0.234,-0.074,0.02,0.969,F
THUMB,0.37,-0.896,0.338,Towards you,0.635,-0.285,-0.49,0.525,F
INDEX,0.154,-0.148,0.859,Up,-0.114,0.133,-0.116,0.978,F
PALM,1.026,0.028,-0.199,Towards you,0.619,0.242,-0.721,0.195,F
PINKY,0.196,0.27,0.938,Up,0.925,0.113,-0.041,0.36,F
RING,-0.246,0.309,0.944,Up,-0.667,0.012,-0.175,-0.724,F
MIDDLE,-0.135,0.097,0.979,Up,-0.214,-0.08,0.025,0.973,F
THUMB,0.331,-0.887,0.379,Towards you,0.64,-0.292,-0.474,0.53,F
INDEX,0.137,-0.132,0.857,Up,-0.113,0.127,-0.105,0.98,F
PALM,1.021,0.055,-0.244,Towards you,0.608,0.239,-0.732,0.195,F
PINKY,0.182,0.268,0.934,Up,0.919,0.116,-0.032,0.376,F
RING,-0.251,0.301,0.948,Up,-0.655,0.016,-0.178,-0.735,F
MIDDLE,-0.125,0.105,0.979,Up,-0.222,-0.08,0.023,0.971,F
THUMB,0.255,-0.923,0.431,Towards you,0.633,-0.297,-0.47,0.538,F
INDEX,0.165,-0.146,0.841,Up,-0.116,0.132,-0.103,0.979,F
PALM,1.024,0.042,-0.248,Towards you,0.606,0.231,-0.739,0.184,F
PINKY,0.178,0.299,0.946,Up,0.92,0.115,-0.038,0.374,F
RING,-0.266,0.31,0.941,Up,-0.654,0.016,-0.177,-0.735,F
MIDDLE,-0.144,0.127,0.983,Up,-0.219,-0.081,0.023,0.972,F
THUMB,0.292,-0.913,0.389,Towards you,0.634,-0.299,-0.469,0.537,F
INDEX,0.146,-0.152,0.845,Up,-0.115,0.133,-0.106,0.979,F
PALM,1.019,0.046,-0.255,Towards you,0.611,0.221,-0.741,0.169,F
PINKY,0.204,0.252,0.954,Up,0.921,0.095,-0.047,0.374,F
RING,-0.27,0.243,0.964,Up,-0.659,0.031,-0.157,-0.735,F
MIDDLE,-0.098,0.063,0.993,Up,-0.212,-0.065,0.004,0.975,F
THUMB,0.34,-0.916,0.356,Towards you,0.643,-0.296,-0.484,0.514,F
INDEX,0.177,-0.208,0.83,Up,-0.116,0.135,-0.122,0.976,F
PALM,1.03,0.098,-0.194,Towards you,0.63,0.217,-0.73,0.151,F
PINKY,0.155,0.248,0.965,Up,0.92,0.087,-0.034,0.381,F
RING,-0.293,0.25,0.958,Up,-0.652,0.046,-0.167,-0.739,F
MIDDLE,-0.13,0.082,0.978,Up,-0.215,-0.08,0.002,0.973,F
THUMB,0.338,-0.892,0.372,Towards you,0.646,-0.29,-0.482,0.516,F
INDEX,0.134,-0.176,0.858,Up,-0.12,0.127,-0.114,0.978,F
PALM,1.017,0.065,-0.235,Towards you,0.626,0.204,-0.738,0.148,F
PINKY,0.138,0.285,0.96,Up,0.92,0.097,-0.024,0.379,F
RING,-0.302,0.271,0.937,Up,-0.65,0.044,-0.179,-0.737,F
MIDDLE,-0.156,0.06,0.989,Up,-0.21,-0.086,0.006,0.974,F
THUMB,0.322,-0.915,0.391,Towards you,0.645,-0.294,-0.474,0.522,F
INDEX,0.123,-0.157,0.847,Up,-0.116,0.125,-0.111,0.979,F
PALM,1.018,0.078,-0.225,Towards you,0.627,0.188,-0.743,0.136,F
PINKY,0.14,0.231,0.97,Up,0.922,0.091,-0.03,0.375,F
RING,-0.267,0.26,0.939,Up,-0.654,0.044,-0.171,-0.736,F
MIDDLE,-0.129,0.084,0.976,Up,-0.202,-0.082,0.005,0.976,F
THUMB,0.327,-0.903,0.4,Towards you,0.652,-0.295,-0.473,0.514,F
INDEX,0.128,-0.158,0.844,Up,-0.111,0.124,-0.11,0.98,F
PALM,1.016,0.082,-0.241,Towards you,0.629,0.175,-0.747,0.125,F
PINKY,0.136,0.263,0.954,Up,0.921,0.092,-0.024,0.377,F
RING,-0.302,0.299,0.932,Up,-0.651,0.047,-0.178,-0.736,F
MIDDLE,-0.142,0.101,0.971,Up,-0.203,-0.09,0.008,0.975,F
THUMB,0.291,-0.888,0.43,Towards you,0.649,-0.297,-0.466,0.523,F
INDEX,0.119,-0.13,0.847,Up,-0.12,0.116,-0.102,0.981,F
PALM,1.02,0.032,-0.279,Towards you,0.622,0.166,-0.755,0.127,F
PINKY,0.12,0.283,0.949,Up,0.918,0.101,-0.014,0.382,F
RING,-0.333,0.275,0.933,Up,-0.642,0.05,-0.188,-0.742,F
MIDDLE,-0.174,0.077,0.981,Up,-0.207,-0.099,0.008,0.973,F
THUMB,0.301,-0.898,0.4,Towards you,0.644,-0.299,-0.465,0.529,F
INDEX,0.119,-0.156,0.851,Up,-0.124,0.111,-0.103,0.981,F
PALM,1.013,0.044,-0.252,Towards you,0.621,0.157,-0.759,0.117,F
PINKY,0.116,0.29,0.958,Up,0.919,0.099,-0.011,0.382,F
RING,-0.315,0.245,0.935,Up,-0.642,0.053,-0.188,-0.741,F
MIDDLE,-0.165,0.076,0.987,Up,-0.204,-0.1,0.006,0.974,G
THUMB,0.301,-0.889,0.412,Towards you,0.644,-0.301,-0.466,0.527,G
INDEX,0.136,-0.137,0.839,Up,-0.123,0.109,-0.103,0.981,G
PALM,1.017,0.007,-0.27,Towards you,0.621,0.145,-0.763,0.106,G
PINKY,0.116,0.244,0.96,Up,0.919,0.096,-0.008,0.383,G
RING,-0.328,0.244,0.94,Up,-0.641,0.059,-0.188,-0.742,G
MIDDLE,-0.183,0.099,0.971,Up,-0.2,-0.105,0.002,0.974,G
THUMB,0.276,-0.922,0.4,Towards you,0.642,-0.306,-0.464,0.529,G
INDEX,0.086,-0.156,0.839,Up,-0.125,0.1,-0.104,0.982,G
PALM,1.017,0.035,-0.309,Towards you,0.616,0.137,-0.77,0.096,G
PINKY,0.1,0.276,0.955,Up,0.918,0.096,-0.0,0.385,G
RING,-0.346,0.269,0.929,Up,-0.638,0.064,-0.192,-0.743,G
MIDDLE,-0.209,0.07,0.97,Up,-0.2,-0.109,-0.001,0.974,G
THUMB,0.274,-0.927,0.384,Towards you,0.637,-0.306,-0.466,0.532,G
INDEX,0.079,-0.17,0.851,Up,-0.129,0.099,-0.107,0.981,G
PALM,1.016,0.058,-0.261,Towards you,0.622,0.128,-0.768,0.085,G
THUMB,0.325,-0.903,0.362,Towards you,0.634,-0.29,-0.485,0.528,G
INDEX,0.074,-0.189,0.838,Up,-0.16,0.088,-0.115,0.976,G
PALM,1.011,0.084,-0.247,Towards you,0.639,0.049,-0.768,0.006,G
PINKY,0.091,0.24,0.969,Up,0.902,0.069,0.007,0.426,G
RING,-0.361,0.215,0.929,Up,-0.602,0.097,-0.175,-0.773,G
MIDDLE,-0.22,0.023,0.98,Up,-0.203,-0.111,-0.022,0.973,G
THUMB,0.337,-0.914,0.354,Towards you,0.633,-0.29,-0.49,0.524,G
INDEX,0.067,-0.184,0.841,Up,-0.163,0.087,-0.119,0.975,G
PALM,1.015,0.091,-0.239,Towards you,0.64,0.04,-0.767,-0.006,G
PINKY,0.074,0.24,0.973,Up,0.9,0.065,0.008,0.43,G
RING,-0.374,0.22,0.931,Up,-0.598,0.101,-0.174,-0.776,G
MIDDLE,-0.207,0.025,0.964,Up,-0.204,-0.114,-0.025,0.972,G
THUMB,0.328,-0.919,0.346,Towards you,0.63,-0.289,-0.491,0.527,G
INDEX,0.058,-0.191,0.838,Up,-0.169,0.084,-0.119,0.975,G
PALM,1.019,0.088,-0.249,Towards you,0.638,0.031,-0.769,-0.012,G
PINKY,0.071,0.245,0.964,Up,0.897,0.066,0.011,0.436,G
RING,-0.395,0.216,0.923,Up,-0.592,0.104,-0.176,-0.78,G
MIDDLE,-0.218,0.03,0.968,Up,-0.206,-0.117,-0.025,0.971,G
THUMB,0.331,-0.916,0.358,Towards you,0.629,-0.289,-0.49,0.53,G
INDEX,0.061,-0.186,0.848,Up,-0.173,0.082,-0.118,0.974,G
PALM,1.017,0.089,-0.234,Towards you,0.638,0.022,-0.769,-0.019,G
PINKY,0.059,0.251,0.972,Up,0.895,0.066,0.013,0.44,G
RING,-0.386,0.223,0.924,Up,-0.588,0.106,-0.177,-0.782,G
MIDDLE,-0.212,0.028,0.97,Up,-0.206,-0.118,-0.026,0.971,G
THUMB,0.317,-0.917,0.37,Towards you,0.629,-0.288,-0.49,0.531,G
INDEX,0.052,-0.19,0.845,Up,-0.176,0.081,-0.117,0.974,G
PALM,1.015,0.094,-0.251,Towards you,0.637,0.012,-0.77,-0.026,G
PINKY,0.064,0.243,0.981,Up,0.893,0.067,0.013,0.445,G
RING,-0.378,0.228,0.939,Up,-0.584,0.1,-0.174,-0.786,G
MIDDLE,-0.205,0.05,0.995,Up,-0.204,-0.099,-0.012,0.974,G
THUMB,0.312,-0.894,0.371,Towards you,0.632,-0.286,-0.487,0.53,G
INDEX,0.103,-0.197,0.869,Up,-0.171,0.113,-0.113,0.972,G
PALM,1.014,0.077,-0.24,Towards you,0.638,-0.006,-0.769,-0.037,G
PINKY,0.11,0.249,0.959,Up,0.896,0.072,-0.005,0.439,G
RING,-0.359,0.234,0.936,Up,-0.593,0.087,-0.169,-0.782,G
MIDDLE,-0.17,0.06,0.981,Up,-0.191,-0.098,-0.008,0.977,G
THUMB,0.33,-0.915,0.406,Towards you,0.643,-0.286,-0.481,0.523,G
INDEX,0.126,-0.191,0.843,Up,-0.157,0.115,-0.111,0.974,G
PALM,1.02,0.097,-0.234,Towards you,0.638,-0.029,-0.768,-0.052,G
PINKY,0.13,0.249,0.973,Up,0.901,0.076,-0.022,0.426,G
RING,-0.291,0.224,0.927,Up,-0.602,0.072,-0.159,-0.779,G
MIDDLE,-0.217,0.089,1.012,Up,-0.18,-0.096,-0.005,0.979,G
THUMB,0.307,-0.911,0.404,Towards you,0.648,-0.286,-0.478,0.52,G
INDEX,0.102,-0.193,0.857,Up,-0.153,0.11,-0.112,0.976,G
PALM,1.018,0.093,-0.237,Towards you,0.635,-0.041,-0.769,-0.061,G
PINKY,0.127,0.231,0.961,Up,0.9,0.075,-0.016,0.429,G
RING,-0.33,0.232,0.945,Up,-0.597,0.08,-0.161,-0.782,G
MIDDLE,-0.185,0.067,0.973,Up,-0.183,-0.105,-0.008,0.977,G
THUMB,0.343,-0.913,0.402,Towards you,0.644,-0.278,-0.482,0.525,G
INDEX,0.106,-0.194,0.835,Up,-0.166,0.105,-0.113,0.974,G
PALM,1.019,0.072,-0.24,Towards you,0.637,-0.039,-0.767,-0.057,G
PINKY,0.063,0.396,0.941,Up,0.887,0.111,0.021,0.447,G
RING,-0.293,0.26,0.883,Up,-0.576,0.082,-0.178,-0.793,G
MIDDLE,-0.299,0.059,0.976,Up,-0.201,-0.149,-0.01,0.968,G
THUMB,0.446,-0.867,0.374,Towards you,0.618,-0.202,-0.521,0.553,G
INDEX,0.042,-0.202,0.866,Up,-0.17,0.085,-0.123,0.974,G
PALM,1.03,0.073,-0.209,Towards you,0.649,-0.043,-0.757,-0.055,G
PINKY,-0.012,0.385,0.905,Up,0.884,0.109,0.086,0.447,G
RING,-0.506,0.282,0.829,Up,-0.573,0.135,-0.24,-0.771,G
MIDDLE,-0.417,0.049,0.881,Up,-0.186,-0.223,-0.032,0.956,G
THUMB,0.469,-0.855,0.387,Towards you,0.617,-0.182,-0.529,0.553,G
INDEX,-0.114,-0.193,0.809,Up,-0.161,-0.002,-0.131,0.978,G
PALM,1.026,0.059,-0.181,Towards you,0.652,-0.055,-0.753,-0.062,G
PINKY,-0.232,0.429,0.859,Up,0.869,0.086,0.192,0.447,G
RING,-0.691,0.337,0.757,Up,-0.549,0.198,-0.328,-0.743,G
MIDDLE,-0.515,0.168,0.796,Up,-0.179,-0.291,-0.025,0.94,G
THUMB,0.427,-0.832,0.46,Towards you,0.647,-0.207,-0.489,0.547,G
INDEX,0.45,-0.189,0.529,Up,-0.158,0.173,-0.12,0.965,G
PALM,1.029,-0.012,-0.194,Towards you,0.654,-0.112,-0.745,-0.071,G
PINKY,-0.281,0.487,0.778,Up,0.873,0.126,0.235,0.409,G
RING,-0.787,0.406,0.568,Left,-0.561,0.194,-0.407,-0.694,G
MIDDLE,-0.64,0.109,0.816,Up,-0.101,-0.32,0.007,0.942,G
THUMB,0.361,-0.818,0.562,Towards you,0.749,-0.269,-0.4,0.454,G
INDEX,0.677,-0.369,0.532,Away from you,-0.088,0.429,-0.165,0.883,G
PALM,1.019,-0.006,-0.218,Towards you,0.626,-0.205,-0.737,-0.152,G
PINKY,-0.32,0.434,0.818,Up,0.898,0.115,0.234,0.354,G
RING,-0.647,0.335,0.535,Left,-0.608,0.187,-0.385,-0.669,G
MIDDLE,-0.68,0.018,0.849,Up,-0.056,-0.327,-0.01,0.943,G
THUMB,0.453,-0.791,0.457,Towards you,0.755,-0.299,-0.435,0.39,G
INDEX,0.711,-0.216,0.519,Away from you,-0.025,0.404,-0.135,0.904,G
PALM,1.035,0.081,-0.149,Towards you,0.638,-0.2,-0.716,-0.2,G
PINKY,-0.397,0.4,0.799,Up,0.893,0.08,0.257,0.36,G
RING,-0.761,0.292,0.577,Left,-0.601,0.22,-0.383,-0.666,G
MIDDLE,-0.658,0.087,0.748,Up,-0.066,-0.346,-0.009,0.936,G
THUMB,0.452,-0.848,0.447,Towards you,0.758,-0.306,-0.436,0.377,G
INDEX,0.746,-0.18,0.567,Away from you,-0.008,0.463,-0.119,0.878,G
PALM,1.035,0.069,-0.144,Towards you,0.636,-0.218,-0.706,-0.22,G
PINKY,-0.378,0.421,0.789,Up,0.892,0.084,0.265,0.357,G
RING,-0.767,0.286,0.579,Left,-0.599,0.227,-0.388,-0.663,G
MIDDLE,-0.649,0.044,0.742,Up,-0.059,-0.358,-0.004,0.932,G
THUMB,0.459,-0.819,0.495,Towards you,0.772,-0.294,-0.424,0.371,G
INDEX,0.83,-0.154,0.409,Away from you,-0.001,0.496,-0.115,0.861,G
PALM,1.042,0.057,-0.099,Towards you,0.639,-0.228,-0.698,-0.23,G
PINKY,-0.397,0.416,0.791,Up,0.885,0.075,0.271,0.371,G
RING,-0.793,0.264,0.559,Left,-0.587,0.24,-0.388,-0.669,G
MIDDLE,-0.68,0.043,0.727,Up,-0.065,-0.367,-0.014,0.928,G
THUMB,0.447,-0.793,0.493,Towards you,0.772,-0.291,-0.416,0.382,G
INDEX,0.925,-0.167,0.262,Away from you,-0.013,0.573,-0.096,0.814,G
PALM,1.034,0.053,-0.15,Towards you,0.636,-0.228,-0.704,-0.221,G
PINKY,-0.448,0.474,0.735,Up,0.863,0.081,0.304,0.396,G
RING,-0.759,0.286,0.483,Left,-0.559,0.254,-0.416,-0.671,G
MIDDLE,-0.769,0.096,0.679,Towards you,-0.07,-0.4,0.002,0.914,G
THUMB,0.357,-0.796,0.545,Towards you,0.778,-0.302,-0.37,0.407,G
INDEX,1.025,-0.086,-0.024,Away from you,-0.031,0.722,-0.074,0.687,G
PALM,1.02,-0.008,-0.257,Towards you,-0.807,-1.982,0.988,1.962,G
PINKY,1.024,0.0,-0.23,Up,0.863,0.081,0.304,0.396,G
RING,-0.836,0.364,0.37,Left,-0.676,0.133,-0.52,-0.505,G
MIDDLE,-0.754,0.138,0.629,Up,0.233,-0.391,0.165,0.875,G
THUMB,0.33,-0.814,0.579,Left,0.878,-0.41,-0.224,0.109,G
INDEX,1.025,0.0,-0.153,Right,0.274,0.693,-0.331,0.578,G
PALM,1.024,-0.015,-0.228,Left,0.418,-0.603,-0.479,-0.483,G
PINKY,-0.497,0.532,0.64,Up,0.887,0.173,0.343,0.257,G
RING,-0.821,0.385,0.38,Left,-0.67,0.139,-0.52,-0.511,G
MIDDLE,-0.725,0.131,0.645,Up,0.231,-0.391,0.164,0.876,G
THUMB,0.32,-0.796,0.595,Left,0.878,-0.409,-0.224,0.108,G
INDEX,1.029,-0.01,-0.142,Right,0.279,0.69,-0.335,0.578,G
PALM,1.024,-0.003,-0.237,Left,0.411,-0.609,-0.471,-0.488,G
PINKY,-0.49,0.55,0.631,Up,0.882,0.167,0.347,0.271,G
RING,-0.825,0.376,0.382,Left,-0.664,0.145,-0.519,-0.518,G
MIDDLE,-0.729,0.127,0.638,Up,0.227,-0.393,0.162,0.876,G
THUMB,0.327,-0.801,0.588,Left,0.877,-0.409,-0.225,0.111,G
INDEX,1.031,-0.01,-0.133,Right,0.281,0.687,-0.338,0.578,G
PALM,1.023,-0.005,-0.232,Left,0.405,-0.615,-0.464,-0.493,G
PINKY,-0.488,0.537,0.633,Away from you,0.877,0.161,0.351,0.285,G
RING,-0.831,0.354,0.383,Left,-0.659,0.151,-0.517,-0.525,G
MIDDLE,-0.721,0.125,0.637,Up,0.224,-0.394,0.16,0.877,G
THUMB,0.312,-0.803,0.594,Left,0.877,-0.408,-0.225,0.112,G
INDEX,1.032,-0.003,-0.12,Right,0.286,0.684,-0.341,0.578,G
PALM,1.023,-0.013,-0.236,Left,0.397,-0.622,-0.454,-0.499,G
PINKY,-0.48,0.528,0.644,Away from you,0.873,0.156,0.352,0.299,G
RING,-0.812,0.369,0.394,Left,-0.654,0.155,-0.515,-0.532,G
MIDDLE,-0.746,0.136,0.63,Up,0.222,-0.393,0.16,0.878,G
THUMB,0.31,-0.803,0.598,Left,0.878,-0.407,-0.224,0.113,G
INDEX,1.023,0.017,-0.125,Right,0.291,0.681,-0.344,0.577,G
PALM,1.026,-0.005,-0.231,Left,0.39,-0.63,-0.445,-0.504,H
PINKY,-0.508,0.527,0.634,Away from you,0.867,0.149,0.357,0.314,H
RING,-0.811,0.374,0.39,Left,-0.648,0.164,-0.514,-0.538,H
MIDDLE,-0.725,0.122,0.645,Up,0.219,-0.396,0.157,0.878,H
THUMB,0.312,-0.79,0.612,Left,0.879,-0.406,-0.224,0.113,H
INDEX,1.028,0.008,-0.108,Right,0.293,0.681,-0.347,0.574,H
PALM,1.022,-0.018,-0.251,Left,0.385,-0.635,-0.437,-0.508,H
PINKY,-0.412,0.549,0.644,Away from you,0.86,0.143,0.356,0.336,H
RING,-0.838,0.323,0.383,Left,-0.631,0.174,-0.505,-0.563,H
MIDDLE,-0.719,0.116,0.65,Towards you,0.178,-0.397,0.147,0.888,H
THUMB,0.387,-0.79,0.531,Left,0.875,-0.393,-0.242,0.146,H
INDEX,1.038,-0.036,-0.068,Right,0.282,0.676,-0.335,0.592,H
PALM,1.021,-0.06,-0.233,Left,0.393,-0.629,-0.44,-0.506,H
PINKY,-0.454,0.524,0.65,Up,0.85,0.134,0.356,0.365,H
RING,-0.818,0.384,0.4,Left,-0.626,0.179,-0.499,-0.572,H
MIDDLE,-0.741,0.119,0.646,Up,0.19,-0.393,0.149,0.887,H
THUMB,0.32,-0.786,0.601,Left,0.876,-0.396,-0.24,0.137,H
INDEX,1.027,-0.005,-0.044,Right,0.296,0.663,-0.34,0.598,H
PALM,1.025,-0.024,-0.219,Left,0.387,-0.635,-0.429,-0.513,H
PINKY,-0.474,0.589,0.758,Up,0.844,0.134,0.338,0.394,H
RING,-0.945,0.406,0.779,Left,-0.622,0.152,-0.446,-0.625,H
MIDDLE,-0.285,0.277,0.716,Up,0.123,-0.206,0.128,0.962,H
THUMB,0.362,-0.921,0.399,Towards you,0.816,-0.4,-0.316,0.273,H
INDEX,0.756,-0.465,0.445,Right,0.297,0.464,-0.302,0.778,H
PALM,1.022,0.04,-0.22,Left,0.423,-0.6,-0.489,-0.471,H
PINKY,0.279,0.318,0.893,Up,0.871,0.189,-0.051,0.451,H
RING,-0.012,0.26,0.997,Up,-0.666,-0.065,-0.083,-0.739,H
MIDDLE,-0.002,0.118,0.995,Up,0.081,0.003,0.048,0.996,H
THUMB,0.258,-0.926,0.394,Towards you,0.765,-0.444,-0.337,0.323,H
INDEX,0.205,-0.229,0.789,Up,0.298,0.118,-0.201,0.926,H
PALM,1.007,0.002,-0.297,Left,0.408,-0.595,-0.513,-0.466,H
PINKY,0.287,0.271,0.941,Up,0.859,0.152,-0.073,0.483,H
RING,-0.15,0.227,1.011,Up,-0.666,-0.009,-0.104,-0.739,H
MIDDLE,-0.137,0.089,0.973,Up,0.083,-0.081,0.043,0.992,H
THUMB,0.226,-0.921,0.431,Towards you,0.772,-0.441,-0.333,0.314,H
INDEX,0.175,-0.199,0.825,Up,0.295,0.098,-0.176,0.934,H
PALM,1.016,0.021,-0.291,Left,0.403,-0.599,-0.505,-0.473,H
PINKY,0.28,0.292,0.92,Up,0.86,0.146,-0.064,0.484,H
RING,-0.171,0.242,0.993,Up,-0.663,0.005,-0.125,-0.738,H
MIDDLE,-0.186,0.146,0.987,Up,0.085,-0.096,0.053,0.99,H
THUMB,0.264,-0.928,0.403,Towards you,0.776,-0.437,-0.33,0.313,H
INDEX,0.163,-0.209,0.827,Up,0.289,0.091,-0.168,0.938,H
PALM,1.009,0.02,-0.279,Left,0.398,-0.605,-0.498,-0.478,H
PINKY,0.266,0.299,0.92,Up,0.86,0.143,-0.058,0.487,H
RING,-0.201,0.255,0.971,Up,-0.658,0.013,-0.134,-0.741,H
MIDDLE,-0.2,0.109,0.974,Up,0.082,-0.105,0.056,0.989,H
THUMB,0.236,-0.924,0.42,Towards you,0.776,-0.438,-0.328,0.314,H
INDEX,0.157,-0.195,0.831,Up,0.289,0.079,-0.162,0.94,H
PALM,1.015,0.022,-0.272,Left,0.391,-0.613,-0.488,-0.484,H
PINKY,0.27,0.287,0.927,Up,0.861,0.142,-0.057,0.486,H
RING,-0.219,0.254,0.981,Up,-0.657,0.017,-0.141,-0.741,H
MIDDLE,-0.199,0.127,0.976,Up,0.082,-0.106,0.059,0.989,H
THUMB,0.238,-0.922,0.426,Towards you,0.776,-0.437,-0.328,0.314,H
INDEX,0.121,-0.19,0.85,Up,0.286,0.078,-0.159,0.942,H
PALM,1.006,0.01,-0.284,Left,0.383,-0.621,-0.48,-0.487,H
PINKY,0.285,0.331,0.928,Up,0.862,0.142,-0.053,0.483,H
RING,-0.14,0.315,0.896,Up,-0.65,0.018,-0.15,-0.745,H
MIDDLE,-0.13,0.279,0.95,Up,0.053,-0.105,0.069,0.991,H
THUMB,0.121,-0.996,0.434,Towards you,0.755,-0.399,-0.345,0.39,H
INDEX,0.157,-0.161,0.812,Up,0.118,0.12,-0.133,0.977,H
PALM,1.007,-0.154,-0.241,Left,0.523,-0.486,-0.607,-0.35,H
PINKY,0.284,0.462,0.839,Up,0.515,0.188,0.096,0.831,H
RING,-0.261,0.329,0.946,Up,-0.156,0.106,-0.202,-0.961,H
MIDDLE,-0.163,0.327,0.915,Up,-0.464,-0.163,0.073,0.868,H
THUMB,0.25,-0.85,0.555,Towards you,0.522,-0.15,-0.466,0.698,H
INDEX,0.244,-0.023,0.827,Up,-0.256,0.126,-0.045,0.957,H
PALM,1.028,-0.104,-0.195,Towards you,0.623,-0.324,-0.685,-0.195,H
PINKY,0.333,0.367,0.891,Up,0.477,0.184,0.081,0.856,H
RING,-0.147,0.391,0.917,Up,-0.154,0.095,-0.182,-0.966,H
MIDDLE,-0.192,0.264,0.962,Up,-0.449,-0.151,0.064,0.879,H
THUMB,0.259,-0.841,0.553,Towards you,0.535,-0.159,-0.467,0.686,H
INDEX,0.224,-0.035,0.844,Up,-0.238,0.137,-0.042,0.961,H
PALM,1.028,-0.127,-0.2,Left,0.614,-0.345,-0.677,-0.216,H
PINKY,0.353,0.386,0.854,Up,0.494,0.187,0.068,0.846,H
RING,-0.22,0.368,0.94,Up,-0.172,0.089,-0.184,-0.964,H
MIDDLE,-0.165,0.267,0.932,Up,-0.429,-0.152,0.063,0.888,H
THUMB,0.255,-0.851,0.556,Towards you,0.552,-0.178,-0.457,0.675,H
INDEX,0.244,-0.042,0.822,Up,-0.214,0.14,-0.037,0.966,H
PALM,1.019,-0.105,-0.221,Left,0.601,-0.376,-0.664,-0.239,H
PINKY,0.307,0.383,0.885,Up,0.507,0.192,0.059,0.838,H
RING,-0.197,0.39,0.923,Up,-0.184,0.083,-0.183,-0.962,H
MIDDLE,-0.193,0.246,0.957,Up,-0.414,-0.15,0.065,0.895,H
THUMB,0.272,-0.859,0.551,Towards you,0.564,-0.183,-0.452,0.667,H
INDEX,0.232,-0.079,0.836,Up,-0.193,0.146,-0.033,0.97,H
PALM,1.016,-0.16,-0.2,Left,0.59,-0.407,-0.646,-0.264,H
PINKY,0.35,0.478,0.795,Up,0.624,0.216,0.033,0.75,H
RING,-0.147,0.49,0.916,Up,-0.384,-0.001,-0.188,-0.904,H
MIDDLE,-0.113,0.208,0.954,Up,-0.159,-0.08,0.111,0.978,H
THUMB,0.223,-0.91,0.554,Towards you,0.747,-0.33,-0.368,0.444,H
INDEX,0.27,-0.097,0.892,Up,0.221,0.207,-0.109,0.947,H
PALM,1.035,-0.052,-0.194,Left,0.38,-0.661,-0.41,-0.5,H
PINKY,0.28,0.368,0.893,Up,0.884,0.219,-0.078,0.405,H
RING,-0.125,0.261,0.907,Up,-0.701,-0.079,-0.154,-0.691,H
MIDDLE,-0.111,0.157,0.982,Up,0.189,-0.024,0.089,0.978,H
THUMB,0.319,-0.899,0.447,Towards you,0.825,-0.446,-0.281,0.202,H
INDEX,0.696,-0.22,0.561,Up,0.395,0.308,-0.251,0.828,H
PALM,1.025,-0.041,-0.242,Left,0.265,-0.714,-0.31,-0.57,H
PINKY,0.067,0.5,0.84,Up,0.906,0.216,0.042,0.361,H
RING,-0.545,0.403,0.616,Up,-0.694,0.046,-0.359,-0.622,H
MIDDLE,-0.652,0.141,0.8,Up,0.22,-0.282,0.151,0.922,H
THUMB,0.275,-0.878,0.544,Left,0.857,-0.434,-0.225,0.164,H
INDEX,0.981,-0.129,0.132,Right,0.337,0.553,-0.325,0.689,H
PALM,1.017,-0.013,-0.308,Left,0.258,-0.737,-0.286,-0.555,H
PINKY,0.198,0.267,0.955,Down,-0.731,-1.731,1.095,0.512,H
RING,-0.394,0.274,0.931,Up,-0.655,0.083,-0.192,-0.726,H
MIDDLE,-0.333,0.035,0.938,Up,0.158,-0.164,0.037,0.973,H
THUMB,0.354,-0.905,0.389,Towards you,0.79,-0.429,-0.366,0.242,H
INDEX,0.062,-0.272,0.836,Up,0.384,0.026,-0.191,0.903,H
PALM,1.023,0.083,-0.199,Away from you,0.229,-0.695,-0.302,-0.611,H
PINKY,0.193,0.264,0.924,Up,0.867,0.103,-0.024,0.487,H
RING,-0.46,0.252,0.897,Up,-0.644,0.101,-0.211,-0.728,H
MIDDLE,-0.351,0.049,0.937,Up,0.152,-0.18,0.037,0.971,H
THUMB,0.363,-0.888,0.389,Towards you,0.788,-0.432,-0.363,0.245,H
INDEX,0.024,-0.28,0.821,Up,0.379,-0.006,-0.181,0.907,H
PALM,1.028,0.079,-0.19,Away from you,0.221,-0.699,-0.291,-0.614,H
PINKY,0.16,0.274,0.963,Up,0.865,0.105,-0.023,0.489,H
RING,-0.422,0.254,0.889,Up,-0.638,0.102,-0.213,-0.733,H
MIDDLE,-0.348,0.035,0.939,Up,0.148,-0.18,0.037,0.972,H
THUMB,0.369,-0.898,0.375,Towards you,0.789,-0.431,-0.361,0.248,H
INDEX,-0.002,-0.251,0.829,Up,0.373,-0.016,-0.178,0.91,H
PALM,1.03,0.078,-0.208,Away from you,0.216,-0.704,-0.282,-0.615,H
PINKY,0.16,0.269,0.954,Up,0.863,0.106,-0.02,0.493,H
RING,-0.426,0.257,0.885,Up,-0.633,0.105,-0.216,-0.737,H
MIDDLE,-0.35,0.052,0.934,Up,0.145,-0.185,0.04,0.971,H
THUMB,0.345,-0.885,0.401,Towards you,0.791,-0.429,-0.358,0.251,H
INDEX,0.001,-0.258,0.83,Up,0.367,-0.02,-0.177,0.913,H
PALM,1.025,0.07,-0.204,Away from you,0.21,-0.71,-0.273,-0.615,H
PINKY,0.166,0.269,0.946,Up,0.862,0.105,-0.014,0.495,H
RING,-0.458,0.25,0.874,Up,-0.627,0.11,-0.22,-0.739,H
MIDDLE,-0.384,0.049,0.926,Up,0.143,-0.192,0.042,0.97,H
THUMB,0.332,-0.892,0.404,Towards you,0.791,-0.43,-0.352,0.255,H
INDEX,0.024,-0.253,0.882,Up,0.362,-0.007,-0.184,0.914,H
PALM,1.021,0.068,-0.201,Away from you,0.204,-0.716,-0.264,-0.613,H
PINKY,0.17,0.343,0.935,Up,0.858,0.122,-0.005,0.498,H
RING,-0.279,0.283,0.805,Up,-0.624,0.06,-0.19,-0.756,H
MIDDLE,-0.233,0.13,0.938,Up,0.13,-0.12,0.047,0.983,H
THUMB,0.367,-0.883,0.407,Towards you,0.794,-0.419,-0.353,0.263,H
INDEX,0.109,-0.256,0.842,Up,0.347,0.036,-0.201,0.916,H
PALM,1.028,0.088,-0.177,Away from you,0.211,-0.712,-0.264,-0.616,H
PINKY,-0.059,0.406,0.962,Up,0.834,0.093,0.077,0.538,H
RING,-0.6,0.303,0.764,Up,-0.56,0.165,-0.277,-0.763,H
MIDDLE,-0.515,0.069,0.872,Up,0.084,-0.26,0.045,0.961,H
THUMB,0.325,-0.896,0.393,Towards you,0.751,-0.41,-0.403,0.324,H
INDEX,-0.169,-0.259,0.84,Up,0.299,-0.106,-0.138,0.938,H
PALM,1.016,0.064,-0.225,Away from you,0.235,-0.706,-0.295,-0.599,H
PINKY,-0.039,0.419,0.91,Up,0.802,0.085,0.125,0.578,H
RING,-0.494,0.211,0.694,Up,-0.524,0.173,-0.265,-0.79,H
MIDDLE,-0.443,0.09,0.881,Up,0.043,-0.239,0.03,0.97,H
THUMB,0.42,-0.903,0.302,Towards you,0.726,-0.36,-0.451,0.375,H
INDEX,-0.221,-0.195,0.796,Up,0.265,-0.112,-0.145,0.947,H
PALM,1.03,0.035,-0.196,Left,0.262,-0.688,-0.308,-0.603,I
PINKY,0.093,0.403,0.913,Up,0.782,0.13,0.071,0.605,I
RING,-0.473,0.307,0.734,Up,-0.517,0.165,-0.251,-0.802,I
MIDDLE,-0.581,0.029,0.753,Up,0.029,-0.332,0.033,0.942,I
THUMB,0.359,-0.89,0.428,Towards you,0.731,-0.335,-0.452,0.388,I
INDEX,-0.545,-0.193,0.656,Up,0.232,-0.302,-0.07,0.922,I
PALM,1.027,-0.017,-0.208,Left,0.277,-0.683,-0.311,-0.6,I
PINKY,-0.293,0.446,0.856,Up,0.742,0.032,0.252,0.62,I
RING,-0.814,0.318,0.465,Left,-0.444,0.324,-0.383,-0.742,I
MIDDLE,-0.719,0.108,0.582,Towards you,0.014,-0.436,0.034,0.899,I
THUMB,0.387,-0.865,0.371,Towards you,0.721,-0.344,-0.448,0.402,I
INDEX,-0.618,-0.107,0.688,Up,0.209,-0.322,-0.046,0.922,I
PALM,1.031,0.056,-0.173,Left,0.267,-0.686,-0.309,-0.602,I
PINKY,-0.412,0.488,0.73,Up,0.719,-0.006,0.32,0.617,I
RING,-0.872,0.311,0.323,Left,-0.419,0.383,-0.412,-0.713,I
MIDDLE,-0.854,0.043,0.517,Towards you,0.01,-0.49,0.018,0.871,I
THUMB,0.343,-0.904,0.384,Towards you,0.713,-0.347,-0.448,0.412,I
INDEX,-0.635,-0.125,0.62,Up,0.196,-0.347,-0.036,0.916,I
PALM,1.028,0.042,-0.185,Left,0.262,-0.691,-0.307,-0.6,I
PINKY,-0.379,0.488,0.761,Up,0.712,-0.0,0.308,0.631,I
RING,-0.858,0.293,0.39,Left,-0.417,0.377,-0.39,-0.73,I
MIDDLE,-0.8,0.029,0.607,Towards you,0.005,-0.466,0.001,0.885,I
THUMB,0.376,-0.864,0.399,Towards you,0.713,-0.33,-0.452,0.422,I
PINKY,-0.283,0.415,0.859,Up,0.749,0.028,0.223,0.623,I
RING,-0.742,0.278,0.598,Left,-0.501,0.273,-0.336,-0.749,I
MIDDLE,-0.737,0.047,0.651,Towards you,0.142,-0.407,0.07,0.899,I
THUMB,0.152,0.008,1.055,Up,0.987,-0.008,-0.077,-0.143,I
INDEX,-0.624,-0.183,0.585,Up,0.269,-0.383,-0.021,0.883,I
PALM,1.034,0.052,0.064,Away from you,-0.036,-0.665,0.034,-0.745,I
PINKY,-0.27,0.414,0.847,Up,0.741,0.026,0.226,0.631,I
RING,-0.748,0.275,0.598,Left,-0.494,0.277,-0.336,-0.753,I
MIDDLE,-0.733,0.042,0.656,Towards you,0.14,-0.409,0.07,0.899,I
THUMB,0.152,-0.002,1.051,Up,0.987,-0.009,-0.075,-0.142,I
INDEX,-0.612,-0.196,0.591,Up,0.262,-0.384,-0.024,0.885,I
PALM,1.033,0.064,0.085,Away from you,-0.043,-0.664,0.041,-0.745,I
PINKY,-0.272,0.43,0.837,Up,0.732,0.024,0.228,0.641,I
RING,-0.756,0.27,0.593,Left,-0.486,0.28,-0.333,-0.758,I
MIDDLE,-0.734,0.05,0.666,Towards you,0.134,-0.409,0.068,0.9,I
THUMB,0.146,-0.004,1.062,Up,0.988,-0.009,-0.075,-0.136,I
INDEX,-0.542,-0.205,0.605,Up,0.252,-0.373,-0.03,0.893,I
PALM,1.031,0.047,0.079,Away from you,-0.045,-0.664,0.047,-0.745,I
PINKY,-0.262,0.431,0.855,Up,0.721,0.029,0.22,0.657,I
RING,-0.726,0.28,0.601,Left,-0.476,0.274,-0.325,-0.77,I
MIDDLE,-0.743,0.045,0.646,Towards you,0.127,-0.403,0.067,0.904,I
THUMB,0.152,-0.022,1.052,Up,0.989,-0.014,-0.07,-0.131,I
INDEX,-0.634,-0.183,0.585,Up,0.244,-0.381,-0.028,0.891,I
PALM,1.039,0.03,0.048,Away from you,-0.052,-0.67,0.059,-0.739,I
PINKY,-0.229,0.434,0.845,Up,0.715,0.028,0.226,0.661,I
RING,-0.727,0.294,0.625,Left,-0.47,0.276,-0.326,-0.772,I
MIDDLE,-0.709,0.05,0.68,Towards you,0.126,-0.402,0.068,0.904,I
THUMB,0.154,-0.003,1.048,Up,0.988,-0.009,-0.072,-0.134,I
INDEX,-0.622,-0.171,0.598,Up,0.241,-0.378,-0.03,0.894,I
PALM,1.033,0.029,0.064,Away from you,-0.062,-0.665,0.068,-0.741,I
PINKY,-0.255,0.443,0.855,Up,0.707,0.026,0.222,0.671,I
RING,-0.728,0.271,0.626,Left,-0.464,0.275,-0.318,-0.78,I
MIDDLE,-0.707,0.036,0.712,Towards you,0.122,-0.391,0.065,0.91,I
THUMB,0.142,0.029,1.044,Up,0.989,-0.011,-0.076,-0.126,I
INDEX,-0.478,-0.196,0.669,Up,0.237,-0.337,-0.046,0.91,I
PALM,1.03,0.013,0.048,Away from you,-0.068,-0.669,0.076,-0.737,I
PINKY,-0.043,0.413,0.92,Up,0.693,0.085,0.137,0.703,I
RING,-0.488,0.365,1.014,Up,-0.464,0.112,-0.229,-0.848,I
MIDDLE,-0.088,0.043,0.872,Up,0.1,-0.129,0.05,0.985,I
THUMB,0.232,-0.262,1.026,Up,0.99,-0.091,-0.112,-0.007,I
INDEX,-0.057,-0.263,0.9,Up,0.232,-0.059,-0.156,0.958,I
PALM,1.043,0.026,-0.006,Away from you,-0.065,-0.685,0.079,-0.721,I
PINKY,0.118,0.367,0.903,Up,0.684,0.131,0.078,0.713,I
RING,-0.207,0.338,1.015,Up,-0.461,0.015,-0.153,-0.874,I
MIDDLE,0.064,0.117,0.98,Up,0.089,0.007,0.053,0.995,I
THUMB,0.287,-0.349,0.963,Up,0.973,-0.161,-0.152,0.059,I
INDEX,0.209,-0.264,0.809,Up,0.223,0.054,-0.188,0.955,I
PALM,1.04,0.031,-0.028,Away from you,-0.066,-0.695,0.074,-0.713,I
PINKY,0.185,0.397,0.902,Up,0.681,0.155,0.05,0.714,I
RING,-0.078,0.325,0.976,Up,-0.46,-0.032,-0.134,-0.877,I
MIDDLE,0.122,0.157,0.99,Up,0.093,0.065,0.058,0.992,I
THUMB,0.372,-0.458,0.878,Up,0.957,-0.196,-0.195,0.091,I
INDEX,0.262,-0.269,0.793,Up,0.228,0.093,-0.198,0.949,I
PALM,1.039,0.038,-0.031,Away from you,-0.073,-0.697,0.084,-0.708,I
PINKY,0.169,0.402,0.901,Up,0.68,0.153,0.056,0.715,I
RING,-0.079,0.35,0.965,Up,-0.459,-0.026,-0.14,-0.877,I
MIDDLE,0.144,0.155,0.975,Up,0.094,0.063,0.06,0.992,I
THUMB,0.409,-0.476,0.869,Up,0.946,-0.211,-0.22,0.107,I
INDEX,0.279,-0.282,0.784,Up,0.225,0.101,-0.202,0.948,I
PALM,1.043,0.035,-0.024,Away from you,-0.081,-0.698,0.088,-0.707,I
PINKY,0.14,0.39,0.923,Up,0.675,0.149,0.056,0.72,I
RING,-0.099,0.327,0.976,Up,-0.455,-0.022,-0.137,-0.88,I
MIDDLE,0.143,0.144,0.978,Up,0.091,0.065,0.056,0.992,I
THUMB,0.428,-0.498,0.821,Up,0.933,-0.225,-0.254,0.124,I
INDEX,0.285,-0.279,0.781,Up,0.219,0.114,-0.207,0.947,I
PALM,1.04,0.061,-0.032,Away from you,-0.087,-0.698,0.091,-0.705,I
PINKY,0.196,0.391,0.901,Up,0.669,0.147,0.051,0.727,I
RING,-0.08,0.336,0.998,Up,-0.449,-0.028,-0.131,-0.883,I
MIDDLE,0.185,0.159,0.976,Up,0.084,0.08,0.055,0.992,I
THUMB,0.47,-0.543,0.771,Up,0.917,-0.24,-0.284,0.142,I
INDEX,0.293,-0.288,0.785,Up,0.209,0.135,-0.214,0.945,I
PALM,1.041,0.065,-0.053,Away from you,-0.094,-0.697,0.091,-0.705,I
PINKY,0.244,0.32,0.908,Up,0.67,0.151,0.014,0.727,I
RING,0.029,0.285,1.007,Up,-0.453,-0.067,-0.088,-0.885,I
MIDDLE,0.316,0.147,0.937,Up,0.088,0.146,0.042,0.984,I
THUMB,0.513,-0.572,0.735,Up,0.909,-0.249,-0.301,0.144,I
INDEX,0.444,-0.269,0.716,Up,0.209,0.196,-0.234,0.929,I
PALM,1.024,0.049,0.003,Away from you,-0.114,-0.691,0.096,-0.707,I
PINKY,0.381,0.245,0.916,Up,0.661,0.183,-0.068,0.724,I
RING,0.183,0.231,0.998,Up,-0.438,-0.12,-0.03,-0.89,I
MIDDLE,0.392,0.118,0.918,Up,0.072,0.19,0.034,0.978,I
THUMB,0.52,-0.644,0.64,Towards you,0.869,-0.277,-0.363,0.189,I
INDEX,0.528,-0.275,0.687,Up,0.181,0.265,-0.24,0.916,I
PALM,1.041,0.112,-0.027,Away from you,-0.104,-0.697,0.074,-0.706,I
PINKY,0.342,0.284,0.919,Up,0.621,0.207,-0.064,0.753,I
RING,0.292,0.232,0.964,Up,-0.372,-0.141,-0.038,-0.917,I
MIDDLE,0.375,0.157,0.897,Up,0.009,0.198,0.052,0.979,I
THUMB,0.528,-0.758,0.488,Towards you,0.806,-0.297,-0.433,0.272,I
INDEX,-0.0,-0.0,-0.0,Up,0.181,0.265,-0.24,0.916,I
PALM,1.046,0.086,-0.025,Away from you,-0.071,-0.701,0.046,-0.709,I
PINKY,0.547,0.236,0.849,Up,0.595,0.249,-0.12,0.755,I
RING,0.513,0.124,0.904,Up,-0.338,-0.225,0.028,-0.913,I
MIDDLE,0.524,0.127,0.839,Up,-0.026,0.258,0.055,0.964,I
THUMB,0.553,-0.751,0.428,Towards you,0.802,-0.322,-0.431,0.259,I
INDEX,-0.318,-0.103,0.813,Up,0.114,-0.124,-0.102,0.98,I
PALM,1.027,0.11,-0.049,Away from you,-0.095,-0.7,0.048,-0.706,I
PINKY,0.787,-0.005,0.641,Right,0.572,0.296,-0.257,0.721,I
RING,0.724,0.019,0.786,Up,-0.31,-0.349,0.146,-0.872,I
MIDDLE,0.837,0.072,0.507,Away from you,-0.03,0.424,0.044,0.904,I
THUMB,0.526,-0.749,0.411,Towards you,0.803,-0.337,-0.433,0.233,I
INDEX,-0.348,-0.269,0.754,Up,0.149,-0.168,-0.137,0.965,I
PALM,1.022,0.176,-0.059,Away from you,-0.131,-0.707,0.044,-0.694,I
PINKY,0.993,-0.107,0.247,Right,0.52,0.377,-0.473,0.603,I
RING,1.015,-0.215,0.105,Away from you,-0.205,-0.597,0.326,-0.703,I
MIDDLE,1.014,0.039,0.118,Away from you,-0.055,0.663,0.063,0.744,I
THUMB,0.548,-0.802,0.391,Towards you,0.796,-0.359,-0.415,0.255,I
INDEX,-0.404,-0.294,0.721,Up,0.154,-0.205,-0.171,0.951,I
PALM,1.012,0.219,-0.069,Away from you,-0.16,-0.712,0.051,-0.682,I
PINKY,1.063,-0.091,-0.047,Right,0.516,0.393,-0.592,0.478,I
RING,1.003,-0.191,-0.009,Right,-0.239,-0.607,0.391,-0.649,I
MIDDLE,1.003,0.061,0.036,Away from you,0.0,0.694,0.014,0.72,I
THUMB,0.45,-0.823,0.408,Towards you,0.813,-0.406,-0.372,0.19,I
INDEX,-0.394,-0.3,0.722,Up,0.22,-0.222,-0.136,0.94,I
PALM,1.023,0.242,-0.055,Away from you,-0.223,-0.709,0.11,-0.66,I
PINKY,1.058,-0.097,-0.058,Right,0.556,0.364,-0.612,0.427,I
RING,1.009,-0.145,-0.013,Right,-0.279,-0.582,0.418,-0.639,I
MIDDLE,1.018,0.025,0.061,Away from you,0.026,0.688,-0.018,0.725,I
THUMB,0.483,-0.853,0.401,Towards you,0.817,-0.426,-0.352,0.162,I
INDEX,-0.403,-0.276,0.725,Up,0.228,-0.233,-0.127,0.937,I
PALM,0.992,0.261,-0.082,Away from you,-0.243,-0.708,0.119,-0.653,I
PINKY,1.031,-0.114,0.082,Right,0.575,0.345,-0.601,0.434,I
RING,0.999,-0.175,0.011,Right,-0.287,-0.565,0.413,-0.654,I
MIDDLE,1.009,0.016,0.105,Away from you,0.019,0.67,-0.018,0.742,I
THUMB,0.464,-0.86,0.367,Towards you,0.804,-0.432,-0.368,0.178,I
INDEX,-0.414,-0.286,0.727,Up,0.212,-0.226,-0.134,0.941,I
PALM,1.018,0.236,-0.088,Away from you,-0.246,-0.709,0.131,-0.648,I
PINKY,1.047,-0.057,0.128,Right,0.602,0.331,-0.578,0.44,I
RING,1.014,-0.151,0.07,Right,-0.311,-0.556,0.4,-0.659,J
MIDDLE,0.991,0.056,0.115,Away from you,0.034,0.652,-0.01,0.757,J
THUMB,0.431,-0.884,0.414,Towards you,0.814,-0.43,-0.347,0.179,J
INDEX,-0.357,-0.249,0.725,Up,0.212,-0.242,-0.107,0.941,J
PALM,1.016,0.208,-0.108,Away from you,-0.251,-0.71,0.162,-0.638,J
PINKY,1.022,-0.049,0.219,Right,0.656,0.286,-0.581,0.388,J
RING,0.975,-0.116,0.132,Right,-0.393,-0.51,0.437,-0.628,J
MIDDLE,0.984,0.054,0.198,Away from you,0.127,0.634,-0.075,0.759,J
THUMB,0.362,-0.867,0.484,Left,0.835,-0.466,-0.281,0.074,J
INDEX,-0.465,-0.18,0.736,Up,0.344,-0.244,-0.062,0.905,J
PALM,1.006,0.249,-0.193,Right,-0.348,-0.678,0.278,-0.584,J
PINKY,1.036,-0.118,0.099,Towards you,0.681,0.187,-0.645,0.292,J
RING,0.991,-0.282,-0.018,Right,-0.424,-0.457,0.536,-0.569,J
MIDDLE,0.999,-0.021,0.015,Away from you,0.155,0.659,-0.167,0.717,J
THUMB,0.531,-0.759,0.433,Left,0.832,-0.466,-0.301,0.002,J
INDEX,-0.278,-0.316,0.777,Up,0.374,-0.208,-0.111,0.897,J
PALM,1.025,0.271,0.049,Right,-0.392,-0.644,0.259,-0.604,J
PINKY,1.078,0.018,-0.126,Towards you,0.634,0.231,-0.691,0.258,J
RING,0.998,-0.234,-0.036,Right,-0.388,-0.485,0.55,-0.559,J
MIDDLE,1.0,-0.074,-0.032,Away from you,0.117,0.677,-0.17,0.706,J
THUMB,0.59,-0.802,0.386,Left,0.831,-0.448,-0.329,0.023,J
INDEX,-0.245,-0.321,0.749,Up,0.341,-0.205,-0.141,0.907,J
PALM,1.0,0.24,0.001,Right,-0.383,-0.643,0.242,-0.617,J
PINKY,1.048,0.031,-0.049,Towards you,0.648,0.257,-0.673,0.247,J
RING,1.003,-0.173,-0.099,Right,-0.391,-0.51,0.536,-0.547,J
MIDDLE,1.004,-0.064,-0.023,Away from you,0.12,0.683,-0.157,0.703,J
THUMB,0.551,-0.804,0.386,Left,0.832,-0.446,-0.327,0.036,J
INDEX,-0.323,-0.344,0.736,Up,0.329,-0.216,-0.141,0.908,J
PALM,1.016,0.239,-0.02,Right,-0.421,-0.628,0.303,-0.58,J
PINKY,1.048,-0.025,-0.008,Towards you,0.696,0.126,-0.69,0.156,J
RING,0.998,-0.197,-0.066,Right,-0.446,-0.456,0.569,-0.519,J
MIDDLE,1.011,-0.031,0.018,Away from you,0.147,0.674,-0.155,0.707,J
THUMB,0.524,-0.799,0.412,Left,0.834,-0.441,-0.327,0.055,J
INDEX,-0.328,-0.301,0.748,Up,0.263,-0.223,-0.139,0.928,J
PALM,1.009,0.239,-0.029,Right,-0.427,-0.625,0.31,-0.576,J
PINKY,1.049,-0.004,0.023,Towards you,0.699,0.113,-0.691,0.143,J
RING,0.998,-0.204,-0.052,Right,-0.452,-0.449,0.574,-0.515,J
MIDDLE,1.01,-0.037,0.034,Away from you,0.15,0.673,-0.158,0.707,J
THUMB,0.514,-0.803,0.423,Left,0.834,-0.441,-0.328,0.057,J
INDEX,-0.328,-0.299,0.745,Up,0.257,-0.223,-0.14,0.93,J
PALM,1.011,0.239,-0.04,Right,-0.432,-0.622,0.317,-0.571,J
PINKY,1.052,-0.016,-0.007,Towards you,0.704,0.101,-0.691,0.131,J
RING,1.0,-0.185,-0.039,Right,-0.458,-0.443,0.576,-0.512,J
MIDDLE,1.013,-0.029,0.05,Away from you,0.153,0.671,-0.158,0.708,J
THUMB,0.496,-0.811,0.415,Left,0.833,-0.441,-0.328,0.061,J
INDEX,-0.333,-0.312,0.742,Up,0.249,-0.224,-0.142,0.932,J
PALM,1.011,0.237,-0.025,Right,-0.437,-0.621,0.322,-0.566,J
PINKY,1.055,-0.007,0.02,Towards you,0.707,0.088,-0.691,0.119,J
RING,1.004,-0.188,-0.055,Right,-0.463,-0.436,0.581,-0.508,J
MIDDLE,1.01,-0.029,0.022,Away from you,0.155,0.67,-0.161,0.708,J
THUMB,0.524,-0.805,0.408,Left,0.833,-0.44,-0.329,0.061,J
INDEX,-0.34,-0.282,0.73,Up,0.243,-0.222,-0.144,0.933,J
PALM,1.012,0.24,-0.05,Right,-0.443,-0.617,0.329,-0.561,J
PINKY,1.053,-0.022,-0.035,Towards you,0.708,0.075,-0.694,0.106,J
RING,1.003,-0.19,-0.033,Right,-0.468,-0.43,0.586,-0.503,J
MIDDLE,1.02,-0.039,-0.013,Away from you,0.157,0.67,-0.162,0.707,J
THUMB,0.515,-0.818,0.41,Left,0.833,-0.439,-0.33,0.065,J
INDEX,-0.345,-0.288,0.74,Up,0.235,-0.221,-0.146,0.935,J
PALM,1.013,0.224,-0.031,Right,-0.448,-0.614,0.334,-0.557,J
PINKY,1.049,-0.034,0.001,Towards you,0.714,0.064,-0.69,0.097,J
RING,1.005,-0.192,-0.023,Right,-0.473,-0.423,0.587,-0.503,J
MIDDLE,1.01,-0.038,0.056,Away from you,0.158,0.666,-0.162,0.711,J
THUMB,0.5,-0.824,0.403,Left,0.832,-0.44,-0.332,0.071,J
INDEX,-0.339,-0.302,0.73,Up,0.224,-0.223,-0.149,0.937,J
PALM,1.014,0.23,-0.029,Right,-0.45,-0.615,0.338,-0.553,J
PINKY,1.055,-0.015,0.016,Towards you,0.718,0.055,-0.688,0.088,J
RING,0.999,-0.19,-0.033,Right,-0.478,-0.416,0.589,-0.502,J
MIDDLE,1.011,-0.022,0.067,Away from you,0.159,0.664,-0.161,0.713,J
THUMB,0.502,-0.8,0.399,Left,0.831,-0.439,-0.333,0.078,J
INDEX,-0.352,-0.295,0.737,Up,0.214,-0.223,-0.152,0.939,J
PALM,1.009,0.243,-0.042,Right,-0.452,-0.614,0.342,-0.549,J
PINKY,1.048,-0.009,0.052,Towards you,0.723,0.046,-0.684,0.079,J
RING,1.015,-0.21,-0.001,Right,-0.483,-0.411,0.588,-0.502,J
MIDDLE,1.01,-0.027,0.044,Away from you,0.159,0.661,-0.159,0.716,J
THUMB,0.516,-0.814,0.407,Left,0.831,-0.436,-0.336,0.085,J
INDEX,-0.342,-0.302,0.729,Up,0.202,-0.222,-0.156,0.941,J
PALM,1.011,0.235,-0.055,Right,-0.455,-0.612,0.346,-0.547,J
PINKY,1.045,-0.005,0.061,Towards you,0.741,0.047,-0.666,0.073,J
RING,1.007,-0.199,0.017,Right,-0.503,-0.401,0.571,-0.51,J
MIDDLE,1.006,-0.024,0.127,Away from you,0.168,0.637,-0.142,0.739,J
THUMB,0.478,-0.834,0.402,Towards you,0.826,-0.433,-0.344,0.111,J
INDEX,-0.312,-0.329,0.731,Up,0.168,-0.218,-0.167,0.947,J
PALM,1.017,0.208,-0.068,Right,-0.438,-0.621,0.341,-0.553,J
PINKY,1.011,-0.007,0.24,Towards you,0.789,0.063,-0.603,0.101,J
RING,1.005,-0.185,0.151,Right,-0.522,-0.395,0.532,-0.537,J
MIDDLE,0.998,0.005,0.199,Away from you,0.165,0.61,-0.124,0.765,J
THUMB,0.495,-0.819,0.392,Towards you,0.821,-0.43,-0.35,0.133,J
INDEX,-0.369,-0.282,0.731,Up,0.146,-0.22,-0.17,0.949,J
PALM,1.016,0.251,-0.085,Right,-0.431,-0.628,0.338,-0.553,J
PINKY,0.989,0.097,0.394,Towards you,0.823,0.091,-0.54,0.15,J
RING,0.939,-0.081,0.317,Right,-0.559,-0.387,0.392,-0.621,J
MIDDLE,0.837,0.102,0.546,Away from you,0.116,0.491,-0.042,0.862,J
THUMB,0.332,-0.816,0.471,Towards you,0.791,-0.38,-0.391,0.277,J
INDEX,-0.465,-0.232,0.949,Up,-0.059,-0.17,-0.193,0.965,J
PALM,1.021,0.088,-0.175,Away from you,-0.258,-0.712,0.225,-0.613,J
PINKY,0.553,0.286,0.676,Up,0.856,0.251,-0.172,0.418,J
RING,0.222,0.377,1.093,Up,-0.463,-0.234,-0.064,-0.853,J
MIDDLE,0.237,0.294,0.731,Up,-0.109,0.1,0.134,0.98,J
THUMB,0.061,-0.781,0.71,Towards you,0.733,-0.299,-0.301,0.532,J
INDEX,0.178,-0.176,0.823,Up,-0.369,0.077,-0.111,0.92,J
PALM,0.935,-0.114,-0.444,Away from you,-0.023,-0.802,0.131,-0.582,J
PINKY,0.012,0.619,0.868,Up,0.784,0.209,0.15,0.565,J
RING,-0.49,0.463,0.653,Up,-0.37,0.144,-0.319,-0.86,J
MIDDLE,-0.531,0.208,0.849,Up,-0.197,-0.3,0.071,0.93,J
THUMB,-0.056,-0.698,0.788,Up,0.722,-0.299,-0.219,0.584,J
INDEX,0.018,-0.07,0.888,Up,-0.407,0.034,-0.067,0.91,J
PALM,0.939,-0.121,-0.512,Away from you,0.008,-0.831,0.116,-0.544,J
PINKY,-0.142,0.538,0.791,Up,0.746,0.14,0.263,0.595,J
RING,-0.649,0.432,0.655,Left,-0.328,0.286,-0.346,-0.831,J
MIDDLE,-0.555,0.129,0.529,Towards you,-0.185,-0.39,-0.005,0.902,J
THUMB,-0.009,-0.735,0.748,Towards you,0.693,-0.281,-0.261,0.611,J
INDEX,0.042,-0.138,0.9,Up,-0.396,0.062,-0.1,0.911,J
PALM,0.939,-0.092,-0.478,Away from you,-0.013,-0.83,0.112,-0.547,J
PINKY,0.077,0.538,0.828,Up,0.767,0.191,0.148,0.595,J
RING,-0.262,0.425,1.021,Up,-0.352,0.061,-0.213,-0.91,J
MIDDLE,0.027,0.144,0.533,Up,-0.213,-0.139,0.062,0.965,J
THUMB,-0.027,-0.662,0.845,Up,0.709,-0.294,-0.238,0.595,J
INDEX,0.221,-0.109,0.65,Up,-0.419,0.124,-0.06,0.898,J
PALM,0.925,-0.097,-0.487,Away from you,-0.02,-0.832,0.141,-0.536,J
PINKY,0.266,0.389,0.897,Up,0.789,0.205,-0.005,0.579,J
RING,-0.054,0.456,1.059,Up,-0.354,-0.072,-0.144,-0.922,J
MIDDLE,-0.188,0.282,1.053,Up,-0.221,-0.082,0.124,0.964,J
THUMB,-0.173,-0.666,0.801,Up,0.72,-0.306,-0.169,0.599,J
INDEX,0.188,-0.106,0.806,Up,-0.422,0.127,-0.064,0.895,J
PALM,0.873,-0.24,-0.588,Away from you,0.012,-0.846,0.17,-0.505,J
PINKY,0.351,0.502,0.859,Up,0.801,0.277,-0.04,0.53,J
RING,0.278,0.329,0.952,Up,-0.348,-0.192,-0.106,-0.911,J
MIDDLE,-0.045,0.407,1.106,Up,-0.218,-0.056,0.165,0.96,J
THUMB,-0.259,-0.634,0.753,Up,0.715,-0.351,-0.094,0.598,J
INDEX,0.08,-0.014,0.902,Up,-0.428,0.087,-0.015,0.899,J
PALM,0.796,-0.236,-0.654,Away from you,0.042,-0.871,0.186,-0.452,J
PINKY,0.401,0.47,0.851,Up,0.792,0.252,-0.054,0.554,J
RING,0.319,0.329,0.911,Up,-0.323,-0.205,-0.1,-0.919,J
MIDDLE,0.146,0.377,0.865,Up,-0.226,0.012,0.218,0.949,J
THUMB,-0.422,-0.631,0.705,Up,0.681,-0.384,-0.078,0.618,J
INDEX,0.073,0.003,0.951,Up,-0.458,0.07,0.014,0.886,J
PALM,0.743,-0.261,-0.71,Away from you,0.068,-0.897,0.15,-0.41,J
PINKY,0.31,0.32,0.828,Up,0.759,0.179,-0.045,0.625,J
RING,0.268,0.392,0.909,Up,-0.305,-0.19,-0.108,-0.927,J
MIDDLE,0.207,0.428,0.836,Up,-0.248,0.043,0.223,0.942,J
THUMB,-0.383,-0.733,0.694,Up,0.678,-0.398,-0.092,0.611,J
INDEX,0.131,-0.054,0.854,Up,-0.472,0.09,0.012,0.877,J
PALM,0.816,-0.136,-0.685,Away from you,0.036,-0.897,0.145,-0.416,J
PINKY,0.337,0.266,1.042,Up,0.738,0.162,-0.057,0.653,J
RING,0.321,0.391,0.87,Up,-0.297,-0.191,-0.094,-0.931,J
MIDDLE,0.212,0.373,0.868,Up,-0.252,0.048,0.208,0.944,J
THUMB,-0.332,-0.69,0.695,Up,0.698,-0.4,-0.092,0.586,J
INDEX,0.114,-0.028,0.813,Up,-0.468,0.082,0.001,0.88,J
PALM,0.739,-0.192,-0.742,Away from you,0.026,-0.905,0.161,-0.394,J
PINKY,0.162,0.369,0.933,Up,0.743,0.126,0.021,0.656,J
RING,0.021,0.367,0.911,Up,-0.302,-0.096,-0.147,-0.937,K
MIDDLE,-0.114,0.382,0.959,Up,-0.264,-0.082,0.18,0.944,K
THUMB,-0.567,-0.755,0.497,Towards you,0.61,-0.496,-0.077,0.613,K
INDEX,-0.241,0.07,0.851,Up,-0.495,-0.06,-0.044,0.866,K
PALM,0.551,-0.219,-0.867,Down,0.069,-0.941,0.167,-0.287,K
PINKY,0.007,0.454,0.935,Up,0.739,0.103,0.114,0.656,K
RING,-0.029,0.463,0.868,Up,-0.308,-0.033,-0.189,-0.932,K
MIDDLE,-0.153,0.41,0.914,Up,-0.258,-0.137,0.166,0.942,K
THUMB,-0.534,-0.692,0.516,Towards you,0.597,-0.496,-0.077,0.626,K
INDEX,-0.253,0.069,0.83,Up,-0.5,-0.079,-0.052,0.861,K
PALM,0.55,-0.247,-0.845,Down,0.06,-0.94,0.175,-0.285,K
PINKY,-0.059,0.381,0.911,Up,0.732,0.08,0.139,0.662,K
RING,-0.117,0.408,0.889,Up,-0.307,0.008,-0.193,-0.932,K
MIDDLE,-0.275,0.386,0.909,Up,-0.259,-0.181,0.138,0.939,K
THUMB,-0.619,-0.739,0.38,Towards you,0.562,-0.543,-0.085,0.618,K
INDEX,-0.431,0.003,0.827,Up,-0.505,-0.139,-0.093,0.847,K
PALM,0.387,-0.202,-0.941,Down,0.063,-0.957,0.179,-0.217,K
PINKY,-0.147,0.388,0.876,Up,0.722,0.042,0.18,0.666,K
RING,-0.196,0.436,0.915,Up,-0.301,0.052,-0.198,-0.931,K
MIDDLE,-0.32,0.378,0.888,Up,-0.266,-0.207,0.115,0.934,K
THUMB,-0.616,-0.778,0.389,Towards you,0.548,-0.554,-0.099,0.619,K
INDEX,-0.343,0.018,0.813,Up,-0.518,-0.138,-0.102,0.838,K
PALM,0.453,-0.22,-0.913,Down,0.051,-0.955,0.177,-0.233,K
PINKY,-0.119,0.359,0.924,Up,0.71,0.052,0.146,0.686,K
RING,-0.157,0.404,0.952,Up,-0.286,0.029,-0.182,-0.941,K
MIDDLE,-0.246,0.366,0.946,Up,-0.279,-0.184,0.13,0.934,K
THUMB,-0.514,-0.8,0.462,Towards you,0.595,-0.51,-0.111,0.61,K
INDEX,-0.042,-0.085,0.833,Up,-0.522,0.034,-0.039,0.851,K
PALM,0.546,-0.161,-0.892,Down,0.01,-0.94,0.194,-0.28,K
PINKY,0.162,0.235,0.947,Up,0.709,0.079,0.009,0.701,K
MIDDLE,0.081,0.352,0.961,Up,-0.179,0.008,0.163,0.97,K
THUMB,-0.41,-0.774,0.551,Towards you,0.684,-0.468,-0.092,0.552,K
INDEX,-0.063,-0.061,0.845,Up,-0.47,0.017,-0.054,0.881,K
PALM,0.607,-0.144,-0.849,Down,-0.156,-0.733,0.601,-0.278,K
PINKY,0.128,0.227,0.985,Up,0.739,0.076,-0.001,0.67,K
RING,0.145,0.341,0.973,Up,-0.424,-0.121,-0.089,-0.893,K
MIDDLE,0.088,0.344,0.936,Up,-0.18,0.008,0.161,0.97,K
THUMB,-0.406,-0.762,0.555,Towards you,0.684,-0.467,-0.093,0.552,K
INDEX,-0.066,-0.066,0.848,Up,-0.472,0.018,-0.056,0.879,K
PALM,0.601,-0.137,-0.87,Down,-0.16,-0.724,0.612,-0.275,K
PINKY,0.151,0.228,0.947,Up,0.738,0.076,-0.003,0.67,K
RING,0.145,0.326,0.972,Up,-0.426,-0.122,-0.088,-0.892,K
MIDDLE,0.097,0.33,0.964,Up,-0.179,0.009,0.16,0.971,K
THUMB,-0.415,-0.767,0.562,Towards you,0.685,-0.466,-0.094,0.553,K
INDEX,-0.067,-0.059,0.84,Up,-0.474,0.018,-0.056,0.878,K
PALM,0.605,-0.146,-0.863,Down,-0.164,-0.714,0.623,-0.275,K
PINKY,0.141,0.228,0.962,Up,0.738,0.077,0.001,0.671,K
RING,0.124,0.333,0.956,Up,-0.426,-0.119,-0.094,-0.892,K
MIDDLE,0.055,0.358,0.942,Up,-0.179,0.002,0.161,0.971,K
THUMB,-0.402,-0.77,0.555,Towards you,0.683,-0.466,-0.091,0.555,K
INDEX,-0.071,-0.069,0.846,Up,-0.478,0.013,-0.062,0.876,K
PALM,0.603,-0.149,-0.853,Down,-0.167,-0.704,0.634,-0.273,K
PINKY,0.137,0.247,0.965,Up,0.737,0.079,0.007,0.671,K
RING,0.116,0.367,0.989,Up,-0.428,-0.117,-0.098,-0.891,K
MIDDLE,0.068,0.345,0.949,Up,-0.178,-0.002,0.163,0.97,K
THUMB,-0.417,-0.753,0.577,Towards you,0.681,-0.465,-0.087,0.559,K
INDEX,-0.078,-0.061,0.843,Up,-0.482,0.007,-0.058,0.874,K
PALM,0.6,-0.172,-0.86,Down,-0.165,-0.694,0.644,-0.274,K
PINKY,0.11,0.282,0.976,Up,0.736,0.083,0.018,0.672,K
RING,0.107,0.372,0.98,Up,-0.43,-0.115,-0.107,-0.889,K
MIDDLE,0.07,0.35,0.93,Up,-0.176,-0.009,0.167,0.97,K
THUMB,-0.421,-0.76,0.561,Towards you,0.679,-0.466,-0.083,0.562,K
INDEX,-0.089,-0.04,0.842,Up,-0.482,0.002,-0.057,0.874,K
PALM,0.604,-0.174,-0.859,Down,-0.165,-0.683,0.658,-0.272,K
PINKY,0.107,0.284,0.935,Up,0.735,0.086,0.029,0.672,K
RING,0.12,0.379,0.974,Up,-0.43,-0.111,-0.115,-0.889,K
MIDDLE,0.042,0.343,0.945,Up,-0.178,-0.019,0.167,0.969,K
THUMB,-0.451,-0.744,0.564,Towards you,0.677,-0.462,-0.083,0.567,K
INDEX,-0.136,-0.06,0.9,Up,-0.49,-0.005,-0.06,0.87,K
PALM,0.608,-0.169,-0.867,Down,-0.166,-0.678,0.661,-0.276,K
PINKY,-0.136,0.467,0.929,Up,0.726,0.093,0.164,0.661,K
RING,-0.042,0.5,0.871,Up,-0.414,-0.056,-0.186,-0.89,K
MIDDLE,0.025,0.418,0.881,Up,-0.198,-0.039,0.181,0.963,K
THUMB,-0.411,-0.686,0.599,Towards you,0.655,-0.452,-0.077,0.601,K
INDEX,-0.063,0.002,0.85,Up,-0.512,-0.002,-0.032,0.858,K
PALM,0.63,-0.206,-0.821,Down,-0.158,-0.674,0.658,-0.296,K
PINKY,-0.042,0.455,0.879,Up,0.719,0.103,0.148,0.671,K
RING,-0.057,0.418,0.944,Up,-0.411,-0.057,-0.185,-0.891,K
MIDDLE,0.017,0.398,0.946,Up,-0.198,-0.034,0.182,0.963,K
THUMB,-0.462,-0.707,0.596,Towards you,0.655,-0.45,-0.082,0.601,K
INDEX,-0.072,0.004,0.85,Up,-0.51,-0.001,-0.032,0.86,K
PALM,0.619,-0.217,-0.85,Down,-0.163,-0.664,0.67,-0.29,K
PINKY,-0.038,0.397,0.869,Up,0.714,0.098,0.138,0.68,K
RING,-0.056,0.445,0.949,Up,-0.41,-0.056,-0.179,-0.893,K
MIDDLE,0.019,0.402,0.921,Up,-0.194,-0.034,0.18,0.964,K
THUMB,-0.442,-0.724,0.608,Towards you,0.657,-0.451,-0.082,0.599,K
INDEX,-0.053,-0.031,0.857,Up,-0.51,-0.002,-0.032,0.86,K
PALM,0.641,-0.211,-0.808,Down,-0.169,-0.651,0.682,-0.288,K
PINKY,-0.024,0.438,0.894,Up,0.715,0.101,0.128,0.68,K
RING,-0.05,0.438,0.92,Up,-0.416,-0.061,-0.174,-0.891,K
MIDDLE,-0.004,0.375,0.934,Up,-0.186,-0.038,0.18,0.965,K
THUMB,-0.46,-0.716,0.579,Towards you,0.657,-0.454,-0.078,0.597,K
INDEX,-0.109,-0.003,0.86,Up,-0.509,-0.01,-0.033,0.86,K
PALM,0.588,-0.239,-0.871,Down,-0.165,-0.639,0.696,-0.282,K
PINKY,-0.011,0.445,0.904,Up,0.71,0.1,0.138,0.683,K
RING,-0.051,0.395,0.962,Up,-0.414,-0.056,-0.183,-0.89,K
MIDDLE,0.012,0.381,0.897,Up,-0.189,-0.044,0.183,0.964,K
THUMB,-0.477,-0.697,0.595,Towards you,0.654,-0.457,-0.075,0.598,K
INDEX,-0.092,-0.024,0.881,Up,-0.511,-0.015,-0.031,0.859,K
PALM,0.614,-0.204,-0.838,Down,-0.165,-0.631,0.704,-0.281,K
PINKY,-0.072,0.469,0.849,Up,0.703,0.105,0.161,0.685,K
RING,-0.089,0.505,0.929,Up,-0.413,-0.05,-0.199,-0.887,K
MIDDLE,-0.014,0.422,0.907,Up,-0.186,-0.052,0.193,0.962,K
THUMB,-0.496,-0.692,0.593,Towards you,0.65,-0.459,-0.063,0.603,K
INDEX,-0.099,0.026,0.854,Up,-0.511,-0.024,-0.022,0.859,K
PALM,0.587,-0.254,-0.843,Down,-0.163,-0.612,0.72,-0.283,K
PINKY,-0.03,0.457,0.86,Up,0.703,0.108,0.158,0.685,K
RING,-0.064,0.434,0.908,Up,-0.418,-0.055,-0.199,-0.885,K
MIDDLE,-0.006,0.426,0.895,Up,-0.179,-0.05,0.193,0.963,K
THUMB,-0.498,-0.701,0.58,Towards you,0.651,-0.459,-0.059,0.602,K
INDEX,-0.096,0.018,0.836,Up,-0.51,-0.028,-0.02,0.859,K
PALM,0.602,-0.252,-0.844,Down,-0.163,-0.6,0.73,-0.284,K
PINKY,-0.043,0.501,0.85,Up,0.696,0.117,0.17,0.688,K
RING,-0.077,0.521,0.874,Up,-0.417,-0.057,-0.215,-0.882,K
MIDDLE,-0.005,0.411,0.888,Up,-0.178,-0.056,0.208,0.96,K
THUMB,-0.532,-0.672,0.602,Towards you,0.645,-0.458,-0.047,0.61,K
INDEX,-0.136,0.111,0.859,Up,-0.511,-0.037,-0.007,0.859,K
PALM,0.592,-0.308,-0.844,Down,-0.155,-0.585,0.741,-0.289,K
PINKY,-0.047,0.52,0.789,Up,0.682,0.122,0.19,0.695,K
RING,-0.208,0.488,0.808,Up,-0.403,-0.022,-0.256,-0.878,K
MIDDLE,-0.065,0.441,0.907,Up,-0.201,-0.077,0.217,0.952,K
THUMB,-0.588,-0.623,0.578,Towards you,0.61,-0.458,-0.047,0.645,K
INDEX,-0.101,0.133,0.822,Up,-0.545,-0.057,0.022,0.836,K
PALM,0.57,-0.37,-0.804,Down,-0.118,-0.601,0.722,-0.321,K
PINKY,-0.297,0.843,0.486,Up,0.574,0.104,0.41,0.701,K
RING,-0.641,0.668,0.488,Left,-0.274,0.214,-0.449,-0.823,K
MIDDLE,-0.003,0.635,0.822,Up,-0.25,-0.108,0.301,0.914,K
THUMB,-0.574,-0.423,0.743,Up,0.536,-0.394,-0.025,0.746,K
INDEX,0.129,0.357,0.672,Up,-0.577,-0.055,0.171,0.797,K
PALM,0.647,-0.506,-0.61,Right,-0.079,-0.591,0.678,-0.431,K
PINKY,-0.232,0.908,0.095,Left,0.319,0.024,0.613,0.722,K
RING,-0.533,0.797,-0.112,Left,-0.002,0.467,-0.562,-0.682,K
MIDDLE,0.121,0.922,0.507,Left,-0.252,-0.077,0.461,0.847,K
THUMB,-0.621,-0.197,0.77,Up,0.456,-0.336,0.055,0.822,K
INDEX,0.237,0.647,0.552,Up,-0.551,-0.078,0.358,0.75,K
PALM,0.58,-0.736,-0.474,Right,0.008,-0.568,0.64,-0.517,K
PINKY,-0.078,0.949,-0.073,Left,0.166,0.004,0.693,0.701,K
RING,-0.42,0.864,-0.292,Towards you,0.114,0.513,-0.605,-0.598,K
MIDDLE,0.108,0.884,0.295,Left,-0.241,-0.109,0.556,0.788,K
THUMB,-0.693,-0.058,0.66,Up,0.379,-0.336,0.14,0.851,K
INDEX,0.144,0.765,0.504,Towards you,-0.531,-0.158,0.425,0.716,K
PALM,0.529,-0.819,-0.346,Away from you,0.068,-0.545,0.634,-0.544,K
PINKY,-0.053,0.996,-0.163,Left,0.096,-0.0,0.737,0.669,K
RING,-0.264,0.841,-0.354,Towards you,0.186,0.529,-0.62,-0.549,K
MIDDLE,-0.048,0.942,0.379,Left,-0.238,-0.199,0.532,0.788,K
THUMB,-0.65,-0.009,0.824,Up,0.357,-0.278,0.153,0.878,K
INDEX,0.046,0.784,0.444,Towards you,-0.525,-0.223,0.402,0.716,K
PALM,0.473,-0.829,-0.378,Away from you,0.081,-0.517,0.656,-0.544,K
PINKY,-0.106,0.987,-0.237,Left,0.075,-0.003,0.75,0.658,K
RING,-0.209,0.844,-0.442,Towards you,0.216,0.549,-0.62,-0.517,K
MIDDLE,-0.128,0.977,0.313,Left,-0.206,-0.22,0.547,0.781,L
THUMB,-0.639,0.109,0.781,Up,0.379,-0.277,0.186,0.863,L
INDEX,0.036,0.796,0.416,Towards you,-0.494,-0.239,0.422,0.722,L
PALM,0.482,-0.818,-0.382,Right,0.072,-0.494,0.676,-0.543,L
PINKY,-0.075,0.978,-0.219,Left,0.075,0.005,0.745,0.663,L
RING,-0.242,0.846,-0.404,Towards you,0.224,0.547,-0.618,-0.518,L
MIDDLE,-0.076,1.005,0.254,Left,-0.203,-0.21,0.555,0.779,L
THUMB,-0.621,0.119,0.805,Up,0.386,-0.275,0.186,0.861,L
INDEX,0.022,0.824,0.43,Towards you,-0.49,-0.242,0.434,0.716,L
PALM,0.449,-0.857,-0.409,Right,0.072,-0.485,0.678,-0.548,L
PINKY,-0.034,0.932,-0.236,Left,0.052,-0.001,0.748,0.661,L
RING,-0.211,0.842,-0.391,Towards you,0.251,0.556,-0.614,-0.5,L
MIDDLE,-0.076,0.933,0.278,Left,-0.193,-0.203,0.571,0.772,L
THUMB,-0.672,0.093,0.784,Up,0.375,-0.279,0.192,0.863,L
INDEX,0.03,0.814,0.368,Towards you,-0.469,-0.24,0.449,0.721,L
PALM,0.457,-0.849,-0.338,Right,0.078,-0.474,0.682,-0.551,L
PINKY,-0.016,1.0,-0.249,Left,0.023,0.008,0.754,0.657,L
RING,-0.149,0.834,-0.41,Towards you,0.292,0.559,-0.612,-0.477,L
MIDDLE,-0.092,1.018,0.153,Left,-0.173,-0.201,0.603,0.753,L
THUMB,-0.647,0.206,0.777,Up,0.341,-0.278,0.218,0.871,L
INDEX,0.049,0.87,0.281,Towards you,-0.44,-0.262,0.5,0.699,L
PALM,0.432,-0.849,-0.292,Away from you,0.116,-0.465,0.66,-0.579,L
PINKY,0.101,0.975,-0.261,Left,-0.069,0.016,0.761,0.645,L
RING,0.084,0.885,-0.368,Towards you,0.39,0.543,-0.596,-0.445,L
MIDDLE,-0.129,1.023,-0.157,Left,-0.157,-0.229,0.68,0.678,L
THUMB,-0.67,0.343,0.758,Up,0.29,-0.247,0.287,0.879,L
INDEX,0.027,0.949,0.11,Towards you,-0.388,-0.298,0.586,0.646,L
PALM,0.397,-0.923,-0.061,Away from you,0.15,-0.423,0.628,-0.636,L
PINKY,0.248,0.97,-0.333,Left,-0.164,-0.015,0.772,0.614,L
RING,0.077,0.908,-0.301,Towards you,0.457,0.562,-0.572,-0.385,L
MIDDLE,-0.086,0.917,-0.133,Left,-0.148,-0.264,0.698,0.649,L
PINKY,0.242,0.886,-0.507,Left,-0.25,-0.131,0.814,0.508,L
RING,0.24,0.843,-0.473,Towards you,0.477,0.592,-0.592,-0.269,L
MIDDLE,-0.251,0.964,-0.081,Left,-0.16,-0.361,0.64,0.659,L
THUMB,-0.796,0.375,0.425,Left,0.305,-0.362,0.381,0.794,L
INDEX,-0.106,0.914,0.126,Towards you,-0.282,-0.31,0.581,0.697,L
PALM,0.305,-0.971,-0.157,Right,0.03,-0.253,0.74,-0.623,L
PINKY,0.248,0.864,-0.467,Left,-0.245,-0.129,0.814,0.511,L
RING,0.243,0.817,-0.475,Towards you,0.475,0.588,-0.594,-0.276,L
MIDDLE,-0.26,0.987,-0.064,Left,-0.164,-0.364,0.637,0.66,L
THUMB,-0.808,0.408,0.448,Left,0.308,-0.362,0.383,0.792,L
INDEX,-0.112,0.926,0.071,Towards you,-0.274,-0.305,0.585,0.7,L
PALM,0.312,-0.957,-0.155,Right,0.021,-0.244,0.743,-0.623,L
PINKY,0.226,0.855,-0.468,Left,-0.242,-0.128,0.812,0.515,L
RING,0.207,0.844,-0.467,Towards you,0.473,0.586,-0.595,-0.281,L
MIDDLE,-0.246,0.956,-0.144,Left,-0.169,-0.363,0.638,0.657,L
THUMB,-0.824,0.379,0.478,Left,0.307,-0.358,0.382,0.795,L
INDEX,-0.109,0.971,0.024,Towards you,-0.271,-0.298,0.588,0.701,L
PALM,0.316,-0.969,-0.133,Right,0.011,-0.234,0.744,-0.626,L
PINKY,0.241,0.862,-0.458,Left,-0.238,-0.125,0.812,0.518,L
RING,0.203,0.854,-0.473,Towards you,0.47,0.584,-0.598,-0.284,L
MIDDLE,-0.257,0.967,-0.099,Left,-0.172,-0.363,0.636,0.659,L
THUMB,-0.812,0.387,0.441,Left,0.311,-0.359,0.38,0.794,L
INDEX,-0.126,0.935,0.15,Towards you,-0.268,-0.29,0.586,0.707,L
PALM,0.336,-0.935,-0.158,Right,-0.002,-0.228,0.751,-0.62,L
PINKY,0.136,0.906,-0.47,Left,-0.208,-0.122,0.815,0.526,L
RING,0.145,0.85,-0.461,Towards you,0.435,0.583,-0.612,-0.312,L
MIDDLE,-0.244,1.037,-0.022,Left,-0.193,-0.331,0.62,0.685,L
THUMB,-0.841,0.273,0.568,Left,0.391,-0.328,0.332,0.793,L
INDEX,-0.016,0.889,0.35,Left,-0.292,-0.204,0.54,0.762,L
PALM,0.449,-0.896,-0.232,Right,-0.129,-0.227,0.78,-0.568,L
PINKY,-0.28,1.056,0.082,Left,0.172,0.127,0.698,0.684,L
RING,-0.43,1.066,-0.132,Left,-0.008,0.265,-0.637,-0.724,L
MIDDLE,0.38,0.644,0.647,Left,-0.314,-0.018,0.472,0.823,L
THUMB,-0.115,-0.56,0.92,Up,0.56,-0.175,-0.086,0.806,L
INDEX,0.391,0.081,0.879,Up,-0.3,0.133,0.247,0.912,L
PALM,0.903,-0.281,-0.527,Right,-0.417,-0.243,0.828,-0.287,L
PINKY,0.188,0.589,0.799,Up,0.627,0.328,0.167,0.687,L
RING,0.063,0.229,1.068,Up,-0.436,-0.156,-0.18,-0.868,L
MIDDLE,0.585,0.167,0.745,Up,-0.219,0.247,0.189,0.925,L
THUMB,0.249,-0.962,0.484,Towards you,0.656,-0.244,-0.468,0.539,L
INDEX,0.611,-0.455,0.524,Up,-0.068,0.344,-0.133,0.927,L
PALM,0.999,0.278,-0.193,Towards you,-0.629,-0.087,0.767,0.091,L
PINKY,0.93,-0.113,0.443,Right,0.791,0.202,-0.401,0.415,L
RING,0.048,-0.084,1.117,Up,-0.737,-0.031,0.088,-0.67,L
MIDDLE,0.163,-0.21,0.893,Up,0.107,0.094,-0.093,0.985,L
THUMB,0.542,-0.933,-0.092,Towards you,0.632,-0.402,-0.612,0.256,L
INDEX,0.037,-0.521,0.701,Up,0.157,-0.014,-0.237,0.959,L
PALM,0.964,0.401,0.01,Towards you,-0.68,-0.016,0.681,0.272,L
PINKY,0.859,-0.206,0.518,Towards you,0.806,0.074,-0.437,0.391,L
RING,-0.605,-0.033,0.764,Up,-0.808,0.196,-0.266,-0.488,L
MIDDLE,-0.582,-0.234,0.85,Up,0.277,-0.314,-0.048,0.907,L
THUMB,0.581,-0.839,-0.008,Towards you,0.657,-0.412,-0.603,0.186,L
INDEX,-0.467,-0.523,0.694,Up,0.23,-0.267,-0.175,0.919,L
PALM,0.96,0.377,0.048,Towards you,-0.695,0.003,0.66,0.284,L
PINKY,0.851,-0.151,0.573,Towards you,0.802,0.068,-0.468,0.366,L
RING,-0.422,-0.08,0.857,Up,-0.809,0.158,-0.201,-0.529,L
MIDDLE,-0.403,-0.199,0.894,Up,0.246,-0.22,-0.068,0.941,L
THUMB,0.611,-0.818,0.003,Towards you,0.642,-0.348,-0.635,0.251,L
INDEX,-0.374,-0.464,0.703,Up,0.219,-0.212,-0.2,0.931,L
PALM,1.003,0.331,0.05,Towards you,-0.694,0.039,0.668,0.265,L
PINKY,0.9,0.057,0.514,Towards you,0.837,0.116,-0.45,0.29,L
RING,-0.564,0.0,0.642,Up,-0.807,0.153,-0.274,-0.501,L
MIDDLE,-0.891,-0.182,0.807,Towards you,0.263,-0.393,-0.016,0.881,L
THUMB,0.632,-0.75,-0.089,Towards you,0.608,-0.301,-0.675,0.289,L
INDEX,-0.805,-0.314,0.408,Towards you,0.207,-0.467,-0.093,0.855,L
PALM,1.017,0.278,0.04,Towards you,-0.719,0.065,0.653,0.231,L
PINKY,0.775,0.068,0.68,Up,0.875,0.082,-0.35,0.324,L
RING,-0.834,0.029,0.536,Left,-0.752,0.241,-0.434,-0.434,L
MIDDLE,-0.855,-0.112,0.451,Towards you,0.253,-0.523,0.066,0.811,L
THUMB,0.702,-0.742,-0.162,Towards you,0.609,-0.312,-0.691,0.234,L
INDEX,-0.792,-0.155,0.298,Towards you,0.199,-0.52,-0.011,0.831,L
PALM,0.992,0.211,0.145,Towards you,-0.738,0.104,0.62,0.245,L
PINKY,0.702,-0.0,0.709,Up,0.883,0.066,-0.341,0.317,L
RING,-0.89,0.002,0.484,Left,-0.753,0.252,-0.436,-0.424,L
MIDDLE,-0.885,-0.192,0.433,Towards you,0.264,-0.536,0.051,0.8,L
THUMB,0.737,-0.758,0.085,Towards you,0.712,-0.359,-0.573,0.187,L
INDEX,-0.847,-0.266,0.269,Towards you,0.21,-0.544,-0.041,0.812,L
PALM,0.997,0.204,0.095,Towards you,-0.718,0.112,0.636,0.259,L
PINKY,0.663,-0.09,0.769,Up,0.881,0.035,-0.351,0.315,L
RING,-0.831,0.036,0.474,Left,-0.764,0.25,-0.44,-0.4,L
MIDDLE,-0.86,-0.213,0.457,Towards you,0.291,-0.524,0.062,0.798,L
THUMB,0.697,-0.727,0.118,Towards you,0.728,-0.345,-0.566,0.174,L
INDEX,-0.798,-0.278,0.321,Towards you,0.207,-0.53,-0.042,0.821,L
PALM,0.994,0.243,0.14,Towards you,-0.724,0.121,0.621,0.276,L
PINKY,0.882,-0.33,0.549,Towards you,0.746,-0.019,-0.575,0.335,L
RING,-0.72,-0.069,0.427,Left,-0.74,0.297,-0.421,-0.433,L
MIDDLE,-0.895,-0.256,0.585,Towards you,0.237,-0.496,0.027,0.835,L
THUMB,0.628,-0.796,0.145,Towards you,0.689,-0.279,-0.616,0.263,L
INDEX,-0.843,-0.314,0.395,Towards you,0.072,-0.51,-0.12,0.849,L
PALM,0.995,0.218,0.093,Towards you,-0.749,0.016,0.643,0.161,L
PINKY,1.005,-0.326,0.024,Right,0.555,0.174,-0.678,0.45,L
RING,-0.91,-0.249,0.455,Left,-0.55,0.427,-0.309,-0.648,L
MIDDLE,-0.749,-0.074,0.603,Towards you,-0.072,-0.47,-0.116,0.872,L
THUMB,1.017,-0.328,-0.231,Towards you,0.599,-0.045,-0.671,0.435,L
INDEX,-0.735,-0.327,0.444,Towards you,-0.17,-0.444,-0.212,0.854,L
PALM,0.962,0.255,0.261,Towards you,-0.793,-0.059,0.604,0.056,L
PINKY,0.971,-0.401,-0.206,Towards you,0.582,0.031,-0.761,0.284,L
RING,-0.877,-0.026,0.474,Left,-0.736,0.299,-0.399,-0.459,L
MIDDLE,-0.855,-0.135,0.462,Towards you,0.283,-0.489,0.054,0.823,L
THUMB,0.723,-0.718,0.164,Towards you,0.734,-0.33,-0.573,0.154,L
INDEX,-0.82,-0.172,0.362,Towards you,0.222,-0.496,-0.011,0.839,L
PALM,1.004,0.2,0.124,Towards you,-0.697,0.177,0.614,0.324,L
PINKY,1.003,-0.365,-0.183,Towards you,0.64,-0.106,-0.748,0.139,L
RING,-0.775,-0.028,0.504,Left,-0.781,0.237,-0.444,-0.37,L
MIDDLE,-0.861,-0.152,0.489,Towards you,0.359,-0.488,0.123,0.786,L
THUMB,0.728,-0.626,0.174,Towards you,0.75,-0.369,-0.541,0.093,L
INDEX,-0.833,-0.121,0.383,Towards you,0.279,-0.489,0.036,0.826,L
PALM,1.016,0.177,0.184,Left,-0.678,0.23,0.591,0.371,L
PINKY,1.018,-0.293,-0.105,Towards you,0.654,-0.13,-0.739,0.096,L
RING,-0.887,-0.08,0.496,Left,-0.796,0.232,-0.435,-0.352,L
MIDDLE,-0.779,-0.136,0.481,Towards you,0.386,-0.48,0.112,0.78,L
THUMB,0.788,-0.686,0.2,Towards you,0.761,-0.347,-0.541,0.093,L
INDEX,-0.732,-0.186,0.416,Towards you,0.263,-0.488,0.008,0.832,L
PALM,1.013,0.162,0.239,Left,-0.692,0.213,0.584,0.367,L
PINKY,1.012,-0.308,-0.076,Towards you,0.656,-0.11,-0.738,0.11,L
RING,-0.754,-0.014,0.547,Left,-0.785,0.235,-0.402,-0.408,L
MIDDLE,-0.815,-0.136,0.58,Towards you,0.342,-0.461,0.08,0.815,L
THUMB,0.866,-0.553,0.055,Towards you,0.706,-0.235,-0.653,0.142,L
INDEX,-0.78,-0.2,0.458,Towards you,0.243,-0.475,-0.021,0.845,L
PALM,0.992,0.201,0.194,Left,-0.695,0.217,0.582,0.363,M
PINKY,1.031,-0.259,-0.138,Towards you,0.669,-0.125,-0.729,0.075,M
RING,-0.844,-0.02,0.561,Left,-0.791,0.225,-0.398,-0.406,M
MIDDLE,-0.749,-0.164,0.544,Towards you,0.359,-0.458,0.086,0.809,M
THUMB,0.889,-0.411,0.185,Towards you,0.76,-0.225,-0.605,0.084,M
INDEX,-0.712,-0.241,0.44,Towards you,0.255,-0.483,-0.022,0.838,M
PALM,0.984,0.177,0.173,Left,-0.674,0.243,0.574,0.397,M
PINKY,1.035,-0.25,-0.09,Towards you,0.676,-0.173,-0.715,0.047,M
RING,-0.801,0.015,0.503,Left,-0.799,0.219,-0.424,-0.365,M
MIDDLE,-0.816,-0.167,0.548,Towards you,0.383,-0.472,0.117,0.786,M
THUMB,0.876,-0.437,0.224,Towards you,0.777,-0.249,-0.576,0.05,M
INDEX,-0.805,-0.214,0.405,Towards you,0.259,-0.504,0.003,0.824,M
PALM,1.02,0.19,0.172,Left,-0.66,0.266,0.574,0.405,M
PINKY,0.995,-0.349,-0.036,Towards you,0.683,-0.197,-0.702,0.043,M
RING,-0.881,-0.028,0.479,Left,-0.785,0.237,-0.439,-0.367,M
MIDDLE,-0.827,-0.159,0.507,Towards you,0.374,-0.489,0.119,0.779,M
THUMB,0.912,-0.453,0.22,Towards you,0.786,-0.254,-0.562,0.044,M
INDEX,-0.768,-0.209,0.401,Towards you,0.25,-0.513,0.001,0.821,M
PALM,1.007,0.183,0.136,Left,-0.655,0.271,0.572,0.412,M
PINKY,0.994,-0.344,-0.04,Towards you,0.683,-0.217,-0.697,0.02,M
RING,-0.824,-0.007,0.498,Left,-0.787,0.235,-0.436,-0.367,M
MIDDLE,-0.832,-0.175,0.505,Towards you,0.384,-0.485,0.124,0.776,M
THUMB,0.895,-0.45,0.236,Towards you,0.785,-0.264,-0.56,0.033,M
INDEX,-0.801,-0.18,0.385,Towards you,0.258,-0.512,0.009,0.819,M
PALM,1.008,0.136,0.153,Left,-0.646,0.289,0.563,0.428,M
PINKY,0.983,-0.356,-0.156,Towards you,0.675,-0.239,-0.698,0.002,M
PALM,0.995,0.204,0.182,Left,-0.624,0.308,0.542,0.471,M
PINKY,0.981,-0.36,-0.152,Towards you,0.65,-0.353,-0.667,-0.089,M
RING,-0.837,-0.016,0.508,Left,-0.742,0.288,-0.405,-0.45,M
MIDDLE,-0.822,-0.152,0.513,Towards you,0.352,-0.488,0.106,0.792,M
THUMB,0.89,-0.476,0.229,Towards you,0.781,-0.246,-0.572,0.051,M
INDEX,-0.784,-0.209,0.398,Towards you,0.182,-0.513,-0.038,0.838,M
PALM,0.995,0.205,0.159,Left,-0.62,0.312,0.541,0.475,M
PINKY,0.991,-0.343,-0.157,Towards you,0.648,-0.365,-0.661,-0.102,M
RING,-0.849,-0.032,0.494,Left,-0.737,0.293,-0.402,-0.458,M
MIDDLE,-0.82,-0.153,0.513,Towards you,0.35,-0.488,0.104,0.793,M
THUMB,0.907,-0.447,0.225,Towards you,0.781,-0.245,-0.572,0.052,M
INDEX,-0.787,-0.201,0.395,Towards you,0.174,-0.513,-0.042,0.84,M
PALM,1.005,0.199,0.175,Left,-0.617,0.316,0.539,0.478,M
PINKY,0.993,-0.346,-0.124,Towards you,0.649,-0.373,-0.653,-0.113,M
RING,-0.848,-0.045,0.505,Left,-0.729,0.302,-0.397,-0.47,M
MIDDLE,-0.812,-0.162,0.504,Towards you,0.342,-0.491,0.099,0.795,M
THUMB,0.882,-0.484,0.245,Towards you,0.78,-0.242,-0.573,0.058,M
INDEX,-0.8,-0.199,0.385,Towards you,0.163,-0.514,-0.049,0.84,M
PALM,1.0,0.196,0.18,Left,-0.613,0.319,0.539,0.482,M
PINKY,0.99,-0.351,-0.149,Towards you,0.648,-0.382,-0.647,-0.123,M
RING,-0.856,-0.039,0.491,Left,-0.722,0.307,-0.392,-0.48,M
MIDDLE,-0.828,-0.158,0.504,Towards you,0.338,-0.492,0.096,0.797,M
THUMB,0.909,-0.457,0.22,Towards you,0.78,-0.239,-0.575,0.062,M
INDEX,-0.777,-0.206,0.391,Towards you,0.153,-0.512,-0.056,0.843,M
PALM,0.997,0.201,0.158,Left,-0.611,0.32,0.537,0.485,M
PINKY,0.999,-0.333,-0.097,Towards you,0.654,-0.379,-0.64,-0.136,M
RING,-0.85,-0.029,0.509,Left,-0.712,0.316,-0.383,-0.497,M
MIDDLE,-0.812,-0.156,0.521,Towards you,0.327,-0.49,0.087,0.803,M
THUMB,0.879,-0.491,0.245,Towards you,0.772,-0.235,-0.585,0.075,M
INDEX,-0.779,-0.198,0.397,Towards you,0.134,-0.504,-0.072,0.85,M
PALM,1.002,0.206,0.175,Left,-0.617,0.311,0.544,0.476,M
PINKY,1.013,-0.279,0.05,Towards you,0.716,-0.289,-0.62,-0.141,M
RING,-0.745,-0.012,0.544,Left,-0.675,0.313,-0.33,-0.581,M
MIDDLE,-0.781,-0.149,0.62,Towards you,0.253,-0.446,0.036,0.858,M
THUMB,0.862,-0.5,0.167,Towards you,0.753,-0.222,-0.599,0.158,M
INDEX,-0.746,-0.216,0.479,Towards you,0.051,-0.457,-0.121,0.88,M
PALM,1.015,0.153,0.109,Left,-0.637,0.296,0.573,0.421,M
PINKY,1.032,-0.138,0.139,Towards you,0.749,-0.233,-0.601,-0.153,M
RING,-0.719,0.068,0.644,Left,-0.656,0.304,-0.308,-0.618,M
MIDDLE,-0.698,-0.155,0.64,Towards you,0.226,-0.424,0.023,0.877,M
THUMB,0.75,-0.739,0.297,Towards you,0.747,-0.226,-0.595,0.194,M
INDEX,-0.692,-0.253,0.52,Towards you,-0.017,-0.426,-0.148,0.892,M
PALM,1.091,0.238,0.048,Left,-0.656,0.27,0.617,0.342,M
PINKY,0.921,0.143,0.595,Towards you,0.883,0.063,-0.465,0.031,M
RING,-0.994,0.273,0.337,Left,-0.297,0.509,-0.328,-0.738,M
MIDDLE,-0.946,-0.037,0.271,Towards you,-0.22,-0.596,-0.094,0.766,M
THUMB,0.707,-0.604,0.47,Right,0.606,0.03,-0.466,0.644,M
INDEX,-0.902,0.141,0.08,Right,-0.481,-0.608,-0.287,0.562,M
PALM,0.925,-0.25,-0.102,Towards you,-0.65,0.034,0.737,-0.18,M
PINKY,0.707,0.87,0.405,Right,0.838,0.414,-0.202,0.292,M
RING,-0.641,0.536,-0.38,Towards you,0.191,0.785,-0.213,-0.549,M
MIDDLE,-0.74,0.527,-0.251,Right,-0.492,-0.746,-0.308,0.328,M
THUMB,0.298,-0.15,0.882,Up,0.332,0.082,-0.183,0.922,M
INDEX,-0.601,0.724,-0.31,Right,-0.582,-0.701,-0.382,0.154,M
PALM,0.599,-0.842,-0.279,Right,-0.397,-0.011,0.798,-0.454,M
PINKY,0.356,0.926,0.546,Right,0.846,0.456,-0.032,0.273,M
RING,-0.48,0.55,-0.606,Towards you,0.258,0.872,-0.194,-0.369,M
MIDDLE,-0.641,0.522,-0.601,Right,-0.429,-0.798,-0.395,0.155,M
THUMB,-0.355,-0.355,0.98,Up,0.139,-0.124,-0.167,0.968,M
INDEX,-0.543,0.546,-0.741,Right,-0.457,-0.741,-0.49,0.039,M
PALM,0.401,-0.666,-0.65,Right,-0.223,-0.047,0.888,-0.4,M
PINKY,0.262,0.732,0.623,Up,0.866,0.361,0.034,0.345,M
RING,-0.42,0.435,-0.68,Down,0.245,0.92,-0.119,-0.281,M
MIDDLE,-0.489,0.516,-0.666,Down,-0.381,-0.789,-0.472,0.094,M
THUMB,-0.374,-0.361,0.861,Up,0.069,-0.23,-0.167,0.956,M
INDEX,-0.452,0.561,-0.765,Down,-0.408,-0.748,-0.523,0.002,M
PALM,0.295,-0.656,-0.696,Right,-0.154,-0.034,0.908,-0.389,M
PINKY,0.034,0.779,0.669,Up,0.851,0.376,0.125,0.345,M
RING,-0.212,0.606,-0.818,Down,0.293,0.937,-0.102,-0.161,M
MIDDLE,-0.299,0.545,-0.725,Down,-0.36,-0.795,-0.487,-0.037,M
THUMB,-0.497,-0.154,0.937,Up,-0.015,-0.25,-0.073,0.965,M
INDEX,-0.219,0.744,-0.747,Down,-0.396,-0.75,-0.517,-0.114,M
PALM,0.182,-0.84,-0.557,Right,-0.077,-0.031,0.883,-0.463,M
PINKY,-0.034,1.007,0.298,Away from you,0.76,0.427,0.297,0.389,M
RING,-0.105,0.566,-0.699,Down,0.366,0.924,-0.082,-0.077,M
MIDDLE,-0.109,0.614,-0.704,Down,-0.356,-0.781,-0.495,-0.138,M
THUMB,-0.666,-0.013,0.984,Up,-0.068,-0.277,-0.006,0.958,M
INDEX,-0.042,0.699,-0.8,Down,-0.339,-0.77,-0.505,-0.196,M
PALM,-0.045,-0.838,-0.514,Right,0.029,0.014,0.881,-0.471,M
PINKY,-0.292,0.983,0.005,Away from you,0.709,0.406,0.473,0.328,M
RING,0.278,0.597,-0.743,Down,0.37,0.918,-0.103,0.102,M
MIDDLE,0.285,0.705,-0.661,Away from you,-0.263,-0.783,-0.472,-0.308,M
THUMB,-0.652,0.398,0.755,Up,-0.164,-0.357,0.14,0.909,M
INDEX,0.353,0.733,-0.662,Away from you,-0.246,-0.769,-0.462,-0.368,M
PALM,-0.402,-0.895,-0.235,Right,0.224,0.055,0.828,-0.511,M
PINKY,-0.548,0.674,-0.254,Away from you,0.565,0.348,0.684,0.303,M
RING,0.648,0.447,-0.496,Right,0.371,0.868,-0.034,0.328,M
MIDDLE,0.596,0.605,-0.475,Away from you,-0.112,-0.693,-0.51,-0.497,M
THUMB,-0.343,0.613,0.268,Towards you,-0.332,-0.474,0.207,0.789,M
INDEX,0.83,0.629,-0.658,Away from you,-0.047,-0.721,-0.485,-0.493,M
PALM,-0.898,-0.632,-0.291,Away from you,0.461,0.045,0.811,-0.358,M
PINKY,-0.597,0.575,-0.675,Away from you,0.48,0.101,0.85,0.192,M
RING,0.809,0.417,-0.439,Away from you,0.188,0.842,0.003,0.506,M
MIDDLE,0.716,0.447,-0.279,Away from you,0.041,-0.626,-0.515,-0.584,M
THUMB,-0.416,0.566,0.313,Towards you,-0.426,-0.511,0.256,0.701,M
INDEX,0.595,0.637,-0.682,Away from you,-0.014,-0.665,-0.495,-0.559,M
PALM,-0.621,-0.597,-0.089,Away from you,0.509,-0.031,0.752,-0.417,M
PINKY,-0.979,0.414,-0.228,Away from you,0.42,0.146,0.858,0.258,M
RING,0.834,0.433,-0.529,Away from you,0.224,0.859,0.011,0.459,M
MIDDLE,0.757,0.351,-0.436,Away from you,0.034,-0.671,-0.54,-0.507,M
THUMB,-0.544,0.668,0.285,Towards you,-0.344,-0.519,0.165,0.765,M
INDEX,0.769,0.778,-0.777,Down,-0.073,-0.76,-0.519,-0.384,M
PALM,-0.512,-0.88,-0.338,Right,0.318,-0.012,0.876,-0.363,M
PINKY,-0.617,0.666,-0.005,Away from you,0.586,0.172,0.663,0.433,M
RING,0.217,0.138,-0.876,Down,0.184,0.969,0.066,0.147,M
MIDDLE,0.156,0.225,-0.863,Down,-0.08,-0.68,-0.697,-0.213,M
THUMB,-0.881,-0.073,0.709,Up,-0.306,-0.396,-0.154,0.852,M
INDEX,-0.041,0.415,-0.906,Down,-0.167,-0.661,-0.71,-0.175,M
PALM,-0.152,-0.661,-0.754,Down,0.156,-0.223,0.921,-0.278,M
PINKY,-0.817,0.55,0.258,Away from you,0.679,0.094,0.559,0.467,M
RING,0.098,-0.226,-1.033,Down,0.04,0.998,-0.044,0.021,M
MIDDLE,0.042,-0.053,-1.082,Down,0.014,-0.846,-0.533,0.006,M
THUMB,-0.965,-0.172,0.501,Towards you,0.109,-0.535,-0.214,0.81,M
INDEX,-0.029,0.799,-1.317,Down,-0.07,-0.883,-0.42,0.197,M
PALM,0.205,-0.707,-1.061,Down,-0.1,0.175,0.977,-0.063,M
PINKY,-0.794,0.393,0.422,Away from you,0.69,0.185,0.485,0.505,M
RING,-0.175,0.148,-0.906,Down,0.163,0.981,0.028,-0.1,M
MIDDLE,-0.267,0.192,-0.843,Down,-0.208,-0.69,-0.693,-0.018,M
THUMB,-0.481,-0.386,0.771,Up,-0.2,-0.233,-0.287,0.908,M
INDEX,-0.382,0.446,-0.776,Down,-0.336,-0.594,-0.731,-0.02,M
PALM,0.402,-0.468,-0.689,Down,-0.082,-0.316,0.901,-0.284,M
PINKY,-0.262,0.691,0.63,Up,0.534,0.089,0.389,0.745,M
RING,-0.511,0.362,-0.833,Down,0.203,0.928,0.214,-0.229,M
MIDDLE,-0.535,0.224,-0.762,Down,-0.284,-0.572,-0.766,0.081,M
THUMB,-0.322,-0.596,0.738,Right,-0.213,-0.098,-0.391,0.89,N
INDEX,-0.724,0.259,-0.744,Down,-0.414,-0.496,-0.762,0.048,N
PALM,0.645,-0.414,-0.807,Down,-0.202,-0.369,0.861,-0.287,N
PINKY,-0.085,0.678,0.713,Up,0.515,0.132,0.313,0.787,N
RING,-0.627,0.268,-0.732,Down,0.238,0.898,0.219,-0.299,N
MIDDLE,-0.614,0.131,-0.748,Down,-0.335,-0.545,-0.759,0.118,N
THUMB,-0.291,-0.759,0.674,Right,-0.193,-0.057,-0.403,0.893,N
INDEX,-0.656,0.35,-0.77,Down,-0.428,-0.498,-0.751,0.073,N
PALM,0.592,-0.37,-0.784,Down,-0.231,-0.341,0.866,-0.285,N
PINKY,-0.077,0.6,0.711,Up,0.54,0.131,0.296,0.777,N
RING,-0.594,0.188,-0.676,Down,0.218,0.905,0.196,-0.308,N
MIDDLE,-0.63,0.151,-0.757,Down,-0.322,-0.573,-0.742,0.134,N
THUMB,-0.29,-0.703,0.737,Right,-0.162,-0.079,-0.391,0.902,N
INDEX,-0.702,0.351,-0.652,Down,-0.43,-0.528,-0.73,0.066,N
PALM,0.653,-0.524,-0.649,Down,-0.238,-0.278,0.879,-0.307,N
PINKY,-0.263,0.923,0.662,Up,0.608,0.186,0.334,0.696,N
RING,-0.515,0.162,-0.834,Down,0.17,0.947,0.009,-0.272,N
MIDDLE,-0.522,0.124,-0.923,Down,-0.231,-0.774,-0.569,0.155,N
THUMB,-0.573,-0.685,0.608,Up,0.106,-0.275,-0.295,0.909,N
INDEX,-0.464,0.2,-0.885,Down,-0.309,-0.796,-0.488,0.184,N
PALM,0.328,-0.404,-0.731,Down,-0.243,0.166,0.934,-0.203,N
PINKY,-0.624,0.849,0.336,Away from you,0.765,0.34,0.466,0.288,N
RING,0.117,0.3,-0.963,Down,0.13,0.924,-0.354,-0.065,N
THUMB,-0.804,0.357,0.516,Left,0.416,-0.298,0.397,0.762,N
INDEX,0.432,0.439,-0.896,Down,-0.279,-0.902,0.312,-0.111,N
PALM,-0.595,-0.617,-0.538,Towards you,-0.049,0.716,0.531,-0.45,N
PINKY,-0.688,0.44,-0.558,Away from you,0.47,0.525,0.709,0.005,N
RING,0.626,0.17,-0.738,Down,0.352,0.514,-0.778,0.083,N
MIDDLE,0.605,0.334,-0.734,Down,-0.241,-0.918,0.156,-0.276,N
THUMB,-0.807,0.357,0.523,Left,0.417,-0.299,0.397,0.761,N
INDEX,0.458,0.463,-0.921,Down,-0.277,-0.9,0.318,-0.109,N
PALM,-0.582,-0.624,-0.522,Towards you,-0.05,0.717,0.53,-0.449,N
PINKY,-0.653,0.427,-0.606,Away from you,0.472,0.514,0.716,0.01,N
RING,0.639,0.168,-0.747,Down,0.351,0.508,-0.782,0.083,N
MIDDLE,0.579,0.326,-0.754,Down,-0.24,-0.918,0.156,-0.276,N
THUMB,-0.831,0.342,0.515,Left,0.416,-0.301,0.396,0.761,N
INDEX,0.456,0.456,-0.911,Down,-0.277,-0.899,0.322,-0.108,N
PALM,-0.581,-0.613,-0.497,Towards you,-0.05,0.717,0.531,-0.448,N
PINKY,-0.68,0.441,-0.594,Away from you,0.475,0.503,0.722,0.015,N
RING,0.641,0.154,-0.756,Down,0.349,0.505,-0.786,0.079,N
MIDDLE,0.574,0.341,-0.779,Down,-0.237,-0.92,0.155,-0.272,N
THUMB,-0.778,0.348,0.498,Left,0.417,-0.303,0.393,0.761,N
INDEX,0.445,0.456,-0.943,Down,-0.275,-0.899,0.325,-0.101,N
PALM,-0.571,-0.614,-0.523,Towards you,-0.052,0.718,0.535,-0.443,N
PINKY,-0.689,0.451,-0.534,Away from you,0.481,0.494,0.724,0.034,N
RING,0.608,0.212,-0.776,Down,0.338,0.509,-0.789,0.062,N
MIDDLE,0.587,0.355,-0.863,Down,-0.231,-0.931,0.138,-0.247,N
THUMB,-0.958,0.308,0.615,Left,0.419,-0.315,0.35,0.776,N
INDEX,0.287,0.477,-1.014,Down,-0.273,-0.92,0.276,-0.052,N
PALM,-0.509,-0.742,-0.689,Down,-0.089,0.684,0.608,-0.393,N
PINKY,-0.635,0.603,-0.289,Away from you,0.634,0.441,0.615,0.158,N
RING,0.014,0.273,-0.77,Down,0.104,0.576,-0.798,-0.14,N
MIDDLE,-0.232,0.262,-0.852,Down,-0.17,-0.976,0.07,0.118,N
THUMB,-0.523,-0.224,0.682,Up,0.555,-0.359,0.003,0.75,N
INDEX,-0.563,0.536,-0.688,Towards you,-0.182,-0.903,0.155,0.358,N
PALM,0.384,-0.485,-0.639,Down,-0.295,0.592,0.745,-0.084,N
PINKY,-0.253,0.915,0.406,Away from you,0.747,0.385,0.377,0.39,N
RING,-0.654,0.402,-0.62,Left,-0.095,0.584,-0.677,-0.438,N
MIDDLE,-0.813,0.314,-0.484,Towards you,-0.232,-0.87,-0.029,0.434,N
THUMB,0.008,-0.678,0.752,Up,0.573,-0.206,-0.284,0.741,N
INDEX,-0.92,0.344,-0.146,Towards you,-0.286,-0.76,0.002,0.584,N
PALM,0.924,-0.311,-0.473,Towards you,-0.495,0.389,0.777,0.016,N
PINKY,0.211,0.656,0.703,Up,0.75,0.337,0.174,0.542,N
RING,-0.911,0.374,0.099,Left,-0.231,0.466,-0.528,-0.672,N
MIDDLE,-0.893,0.251,0.066,Towards you,-0.257,-0.676,-0.033,0.69,N
THUMB,0.276,-0.771,0.695,Towards you,0.603,-0.141,-0.449,0.644,N
INDEX,-0.829,0.203,0.278,Towards you,-0.269,-0.57,-0.044,0.775,N
PALM,0.964,-0.329,-0.284,Towards you,-0.567,0.356,0.729,0.139,N
PINKY,0.178,0.566,0.821,Up,0.777,0.322,0.056,0.538,N
RING,-0.767,0.413,0.35,Left,-0.301,0.324,-0.461,-0.77,N
MIDDLE,-0.978,0.411,0.603,Towards you,-0.276,-0.475,0.005,0.836,N
THUMB,0.39,-0.819,0.474,Towards you,0.589,-0.122,-0.519,0.607,N
INDEX,-0.607,0.03,0.643,Up,-0.26,-0.346,-0.08,0.898,N
PALM,1.011,-0.122,-0.233,Left,-0.569,0.345,0.718,0.205,N
PINKY,0.326,0.479,0.799,Up,0.792,0.28,0.015,0.542,N
RING,-0.664,0.435,0.618,Left,-0.347,0.258,-0.387,-0.814,N
MIDDLE,-0.509,0.231,0.754,Up,-0.278,-0.323,0.019,0.905,N
THUMB,0.459,-0.783,0.42,Towards you,0.588,-0.141,-0.535,0.591,N
INDEX,-0.316,-0.037,0.804,Up,-0.261,-0.191,-0.081,0.943,N
PALM,0.999,-0.159,-0.258,Left,-0.573,0.351,0.709,0.213,N
PINKY,0.272,0.57,0.78,Up,0.776,0.299,0.034,0.554,N
RING,-0.593,0.491,0.705,Left,-0.316,0.209,-0.387,-0.841,N
MIDDLE,0.039,0.268,0.973,Up,-0.313,-0.071,0.15,0.935,N
THUMB,0.399,-0.787,0.494,Towards you,0.591,-0.154,-0.491,0.622,N
INDEX,0.05,-0.091,0.933,Up,-0.27,0.028,-0.06,0.961,N
PALM,0.969,-0.204,-0.333,Left,-0.569,0.378,0.707,0.18,N
PINKY,0.264,0.712,0.624,Up,0.758,0.325,0.079,0.56,N
RING,-0.681,0.653,0.523,Left,-0.269,0.213,-0.424,-0.839,N
MIDDLE,0.166,0.449,0.847,Up,-0.325,0.007,0.236,0.916,N
THUMB,0.245,-0.806,0.642,Towards you,0.582,-0.171,-0.43,0.669,N
INDEX,0.162,-0.048,0.826,Up,-0.291,0.072,-0.021,0.954,N
PALM,0.949,-0.269,-0.358,Towards you,-0.556,0.403,0.713,0.141,N
PINKY,0.287,0.719,0.675,Up,0.737,0.335,0.094,0.58,N
RING,-0.479,0.642,0.557,Left,-0.228,0.187,-0.408,-0.864,N
MIDDLE,0.197,0.478,0.872,Up,-0.367,-0.0,0.257,0.894,N
THUMB,0.329,-0.791,0.613,Towards you,0.558,-0.129,-0.432,0.697,N
INDEX,0.351,-0.07,0.845,Up,-0.355,0.194,0.021,0.914,N
PALM,0.961,-0.268,-0.322,Towards you,-0.586,0.365,0.715,0.113,N
PINKY,0.31,0.559,0.659,Up,0.724,0.306,0.076,0.613,N
RING,-0.733,0.603,0.625,Left,-0.224,0.275,-0.392,-0.849,N
MIDDLE,0.347,0.246,0.412,Up,-0.337,0.057,0.279,0.897,N
THUMB,0.503,-0.524,0.707,Up,0.696,-0.072,-0.403,0.59,N
INDEX,0.693,-0.3,0.602,Away from you,-0.308,0.412,-0.004,0.857,N
PALM,1.017,-0.058,-0.181,Left,-0.594,0.375,0.663,0.258,N
PINKY,0.121,0.327,0.908,Up,0.772,0.175,0.05,0.609,N
RING,-0.745,0.342,0.624,Left,-0.315,0.311,-0.29,-0.848,N
MIDDLE,-0.494,0.326,0.736,Up,-0.28,-0.318,0.097,0.901,N
THUMB,0.652,-0.556,0.535,Towards you,0.72,-0.062,-0.464,0.513,N
INDEX,0.592,-0.238,0.624,Up,-0.268,0.369,-0.038,0.889,N
PALM,1.019,-0.086,-0.168,Left,-0.592,0.38,0.635,0.317,N
PINKY,0.103,0.407,0.932,Up,0.806,0.132,0.039,0.575,N
RING,-0.712,0.331,0.719,Up,-0.368,0.271,-0.284,-0.843,N
MIDDLE,-0.625,0.309,0.696,Up,-0.216,-0.375,0.066,0.899,N
THUMB,0.625,-0.54,0.625,Towards you,0.776,-0.092,-0.473,0.406,N
INDEX,0.916,-0.275,0.24,Away from you,-0.195,0.59,-0.052,0.782,N
PALM,1.032,-0.061,-0.095,Left,-0.579,0.407,0.6,0.371,N
PINKY,0.151,0.355,0.911,Up,0.812,0.147,0.021,0.565,N
RING,-0.517,0.372,0.729,Up,-0.376,0.24,-0.276,-0.852,N
MIDDLE,-0.347,0.465,0.907,Up,-0.226,-0.222,0.135,0.939,N
THUMB,0.72,-0.472,0.501,Towards you,0.763,-0.075,-0.504,0.398,N
INDEX,0.896,-0.272,0.234,Away from you,-0.176,0.594,-0.062,0.783,N
PALM,1.043,-0.056,-0.015,Left,-0.568,0.445,0.569,0.396,N
PINKY,0.117,0.332,0.965,Up,0.852,0.138,0.013,0.504,N
RING,-0.654,0.377,0.769,Up,-0.44,0.224,-0.312,-0.812,N
MIDDLE,0.372,0.364,0.955,Up,-0.167,0.157,0.195,0.954,N
THUMB,0.88,-0.492,0.24,Towards you,0.734,-0.093,-0.602,0.3,N
INDEX,0.897,-0.498,0.12,Away from you,-0.104,0.649,-0.211,0.724,N
PALM,1.072,0.107,0.104,Left,-0.496,0.468,0.503,0.531,N
PINKY,0.121,0.252,1.021,Up,0.9,0.105,-0.063,0.418,N
RING,-0.48,0.312,0.73,Up,-0.551,0.146,-0.284,-0.771,N
MIDDLE,0.959,0.17,0.421,Away from you,-0.093,0.558,0.159,0.809,N
THUMB,0.896,-0.553,0.116,Towards you,0.718,-0.165,-0.642,0.211,N
INDEX,0.824,-0.669,0.035,Away from you,-0.057,0.615,-0.335,0.711,N
PALM,1.01,0.192,0.095,Left,-0.426,0.498,0.463,0.597,N
PINKY,0.272,0.159,0.977,Up,0.916,0.093,-0.153,0.358,N
RING,-0.324,0.192,0.73,Up,-0.618,0.096,-0.24,-0.743,N
MIDDLE,0.991,-0.052,0.37,Away from you,-0.073,0.638,0.06,0.764,N
THUMB,0.911,-0.491,-0.03,Towards you,0.688,-0.221,-0.681,0.123,N
INDEX,0.787,-0.722,-0.112,Away from you,-0.017,0.622,-0.439,0.649,N
PALM,1.035,0.3,0.22,Left,-0.37,0.491,0.414,0.671,N
PINKY,0.219,0.132,1.008,Up,0.944,0.036,-0.162,0.285,N
RING,-0.475,0.316,0.791,Up,-0.673,0.076,-0.233,-0.698,N
MIDDLE,0.917,0.162,0.284,Away from you,0.015,0.602,0.039,0.798,N
THUMB,0.917,-0.399,0.134,Towards you,0.719,-0.248,-0.649,0.033,N
INDEX,0.872,-0.548,-0.038,Away from you,0.031,0.638,-0.449,0.624,N
PALM,1.023,0.167,0.146,Left,-0.349,0.531,0.363,0.681,N
PINKY,0.265,0.264,0.984,Up,0.953,0.078,-0.133,0.263,N
RING,-0.461,0.222,0.915,Up,-0.665,0.069,-0.257,-0.698,N
MIDDLE,0.989,0.055,0.278,Away from you,0.017,0.6,0.041,0.799,N
THUMB,0.901,-0.422,0.264,Towards you,0.793,-0.227,-0.563,0.04,N
INDEX,0.869,-0.643,-0.316,Away from you,-0.004,0.678,-0.433,0.595,O
PALM,0.998,0.148,0.094,Left,-0.354,0.536,0.366,0.673,O
PINKY,0.292,0.2,0.954,Up,0.944,0.087,-0.129,0.29,O
RING,-0.503,0.295,0.916,Up,-0.648,0.092,-0.247,-0.714,O
MIDDLE,0.987,-0.03,0.213,Away from you,-0.026,0.623,0.012,0.782,O
THUMB,0.756,-0.31,0.6,Towards you,0.841,-0.205,-0.5,0.029,O
INDEX,0.851,-0.556,-0.342,Away from you,-0.015,0.695,-0.436,0.572,O
PALM,1.012,0.133,0.139,Left,-0.363,0.529,0.355,0.68,O
PINKY,0.38,0.17,0.906,Up,0.94,0.089,-0.144,0.298,O
RING,-0.484,0.257,0.888,Up,-0.642,0.099,-0.244,-0.72,O
MIDDLE,0.983,-0.114,0.172,Away from you,-0.034,0.621,-0.012,0.783,O
THUMB,0.754,-0.304,0.674,Towards you,0.902,-0.159,-0.402,-0.015,O
INDEX,0.85,-0.587,-0.308,Away from you,-0.011,0.685,-0.448,0.575,O
PALM,1.008,0.164,0.203,Left,-0.348,0.524,0.34,0.699,O
PINKY,0.347,0.17,0.931,Up,0.94,0.068,-0.147,0.301,O
RING,-0.52,0.271,0.834,Up,-0.628,0.127,-0.249,-0.727,O
MIDDLE,0.972,-0.136,0.24,Away from you,-0.044,0.603,-0.01,0.796,O
THUMB,0.777,-0.245,0.571,Towards you,0.892,-0.149,-0.427,-0.004,O
INDEX,0.83,-0.55,-0.302,Away from you,-0.021,0.684,-0.43,0.589,O
PALM,1.015,0.207,0.2,Left,-0.363,0.519,0.345,0.693,O
PINKY,0.332,0.176,0.93,Up,0.938,0.074,-0.129,0.314,O
RING,-0.556,0.295,0.802,Up,-0.608,0.15,-0.258,-0.736,O
MIDDLE,0.961,-0.059,0.271,Away from you,-0.044,0.589,-0.004,0.807,O
RING,-0.637,0.467,0.623,Left,-0.467,0.182,-0.365,-0.784,O
MIDDLE,0.996,0.197,-0.136,Away from you,0.197,0.73,-0.041,0.653,O
THUMB,0.971,-0.151,0.319,Towards you,0.806,-0.165,-0.558,-0.108,O
INDEX,0.893,-0.407,-0.442,Right,0.112,0.685,-0.522,0.496,O
PALM,0.978,-0.021,0.323,Away from you,-0.121,0.574,0.047,0.809,O
PINKY,-0.391,0.49,0.752,Up,0.842,0.089,0.302,0.438,O
RING,-0.603,0.477,0.625,Left,-0.461,0.186,-0.362,-0.789,O
MIDDLE,0.968,0.245,-0.077,Away from you,0.2,0.729,-0.044,0.653,O
THUMB,0.974,-0.167,0.326,Towards you,0.808,-0.164,-0.556,-0.106,O
INDEX,0.894,-0.394,-0.514,Right,0.114,0.684,-0.521,0.497,O
PALM,0.983,0.01,0.287,Away from you,-0.115,0.575,0.043,0.809,O
PINKY,-0.376,0.496,0.746,Up,0.833,0.085,0.306,0.454,O
RING,-0.613,0.464,0.631,Left,-0.451,0.19,-0.361,-0.794,O
MIDDLE,0.984,0.212,-0.096,Away from you,0.2,0.729,-0.042,0.653,O
THUMB,0.98,-0.133,0.315,Towards you,0.809,-0.16,-0.556,-0.103,O
INDEX,0.899,-0.411,-0.448,Right,0.114,0.686,-0.519,0.497,O
PALM,0.983,-0.029,0.299,Away from you,-0.112,0.576,0.038,0.809,O
PINKY,-0.408,0.509,0.737,Up,0.823,0.079,0.312,0.467,O
RING,-0.624,0.463,0.613,Left,-0.44,0.199,-0.363,-0.797,O
MIDDLE,0.976,0.282,-0.068,Away from you,0.203,0.724,-0.037,0.658,O
THUMB,0.976,-0.136,0.34,Towards you,0.813,-0.159,-0.552,-0.095,O
INDEX,0.903,-0.42,-0.464,Right,0.116,0.685,-0.515,0.503,O
PALM,0.981,0.008,0.284,Away from you,-0.107,0.58,0.035,0.807,O
PINKY,-0.394,0.49,0.73,Up,0.812,0.073,0.317,0.483,O
RING,-0.621,0.466,0.62,Left,-0.427,0.207,-0.363,-0.802,O
MIDDLE,0.983,0.26,-0.053,Away from you,0.204,0.719,-0.031,0.663,O
THUMB,0.965,-0.196,0.365,Towards you,0.816,-0.159,-0.55,-0.085,O
INDEX,0.912,-0.401,-0.427,Right,0.115,0.682,-0.508,0.513,O
PALM,1.001,0.012,0.278,Away from you,-0.108,0.586,0.034,0.802,O
PINKY,-0.442,0.513,0.71,Up,0.799,0.065,0.329,0.5,O
RING,-0.647,0.484,0.581,Left,-0.414,0.218,-0.366,-0.805,O
MIDDLE,0.974,0.285,-0.027,Away from you,0.206,0.713,-0.027,0.669,O
THUMB,0.97,-0.165,0.33,Towards you,0.817,-0.157,-0.549,-0.079,O
INDEX,0.904,-0.396,-0.435,Right,0.114,0.682,-0.507,0.515,O
PALM,1.002,0.017,0.287,Away from you,-0.1,0.587,0.03,0.803,O
PINKY,-0.427,0.492,0.736,Up,0.792,0.059,0.328,0.511,O
RING,-0.646,0.433,0.616,Left,-0.409,0.221,-0.361,-0.809,O
MIDDLE,0.988,0.245,-0.024,Away from you,0.204,0.713,-0.031,0.67,O
THUMB,0.961,-0.157,0.35,Towards you,0.815,-0.157,-0.552,-0.076,O
INDEX,0.91,-0.42,-0.396,Right,0.113,0.681,-0.508,0.514,O
PALM,0.996,-0.001,0.279,Away from you,-0.093,0.588,0.028,0.803,O
PINKY,-0.411,0.501,0.724,Up,0.784,0.051,0.329,0.524,O
RING,-0.663,0.436,0.602,Left,-0.398,0.228,-0.359,-0.813,O
MIDDLE,0.991,0.22,-0.029,Away from you,0.204,0.711,-0.029,0.672,O
THUMB,0.949,-0.186,0.347,Towards you,0.817,-0.155,-0.552,-0.068,O
INDEX,0.924,-0.393,-0.417,Right,0.112,0.679,-0.504,0.522,O
PALM,0.989,-0.019,0.267,Away from you,-0.094,0.591,0.028,0.8,O
PINKY,-0.447,0.505,0.705,Up,0.769,0.042,0.335,0.543,O
RING,-0.657,0.457,0.599,Left,-0.381,0.241,-0.354,-0.819,O
MIDDLE,0.991,0.226,0.028,Away from you,0.195,0.694,-0.03,0.693,O
THUMB,0.902,-0.217,0.446,Towards you,0.829,-0.135,-0.543,-0.019,O
INDEX,0.936,-0.368,-0.37,Right,0.122,0.677,-0.473,0.551,O
PALM,1.003,0.039,0.277,Away from you,-0.1,0.593,0.049,0.797,O
PINKY,-0.324,0.471,0.697,Up,0.757,0.033,0.315,0.572,O
RING,-0.629,0.432,0.642,Left,-0.369,0.23,-0.326,-0.839,O
MIDDLE,1.004,0.16,0.07,Away from you,0.17,0.678,-0.05,0.714,O
THUMB,0.866,-0.417,0.372,Towards you,0.799,-0.162,-0.567,0.118,O
INDEX,0.971,-0.342,-0.35,Right,0.13,0.679,-0.446,0.569,O
PALM,1.001,0.044,0.223,Away from you,-0.106,0.603,0.066,0.788,O
PINKY,-0.311,0.489,0.78,Up,0.743,0.066,0.281,0.604,O
RING,-0.57,0.411,0.74,Up,-0.358,0.208,-0.303,-0.858,O
MIDDLE,0.996,0.122,0.108,Away from you,0.168,0.662,-0.062,0.728,O
THUMB,0.844,-0.567,0.185,Towards you,0.736,-0.196,-0.613,0.207,O
INDEX,0.988,-0.281,-0.224,Right,0.145,0.681,-0.419,0.583,O
PALM,1.021,0.008,0.202,Away from you,-0.117,0.621,0.069,0.772,O
PINKY,-0.13,0.501,0.839,Up,0.72,0.134,0.232,0.64,O
RING,-0.27,0.484,0.815,Up,-0.357,0.077,-0.255,-0.895,O
MIDDLE,0.846,0.226,0.401,Away from you,0.234,0.521,0.016,0.82,O
THUMB,0.856,-0.559,0.081,Towards you,0.709,-0.174,-0.627,0.273,O
INDEX,0.937,-0.276,0.231,Right,0.197,0.605,-0.354,0.686,O
PALM,1.038,-0.032,0.11,Away from you,-0.157,0.646,0.082,0.742,O
PINKY,0.288,0.521,0.803,Up,0.702,0.247,0.057,0.665,O
RING,0.097,0.432,0.927,Up,-0.342,-0.119,-0.154,-0.919,O
MIDDLE,0.57,0.241,0.639,Up,0.26,0.268,0.076,0.925,O
THUMB,0.82,-0.573,0.085,Towards you,0.692,-0.163,-0.643,0.284,O
INDEX,0.705,-0.292,0.482,Right,0.242,0.386,-0.263,0.85,O
PALM,1.014,-0.002,0.142,Away from you,-0.155,0.63,0.096,0.755,O
PINKY,0.22,0.436,0.889,Up,0.687,0.202,0.069,0.694,O
RING,-0.065,0.317,0.821,Up,-0.339,0.005,-0.18,-0.923,O
MIDDLE,-0.336,0.179,1.037,Up,0.27,-0.12,0.127,0.947,O
THUMB,0.856,-0.53,0.05,Towards you,0.685,-0.155,-0.665,0.255,O
INDEX,0.769,-0.234,0.366,Up,0.246,0.321,-0.234,0.884,O
PALM,0.995,0.013,0.143,Away from you,-0.137,0.625,0.088,0.764,O
PINKY,-0.11,0.515,0.743,Up,0.702,0.111,0.209,0.671,O
RING,-0.538,0.422,0.744,Up,-0.356,0.169,-0.288,-0.873,O
MIDDLE,-0.642,0.192,0.695,Up,0.285,-0.296,0.195,0.89,O
THUMB,0.75,-0.685,0.065,Towards you,0.659,-0.178,-0.675,0.281,O
INDEX,0.984,-0.132,0.037,Away from you,0.203,0.599,-0.297,0.715,O
PALM,1.016,-0.056,0.06,Away from you,-0.118,0.671,0.049,0.73,O
PINKY,-0.659,0.574,0.397,Left,0.638,-0.071,0.501,0.58,O
RING,-0.856,0.36,0.284,Left,-0.288,0.434,-0.397,-0.756,O
MIDDLE,-1.011,0.184,0.35,Towards you,0.216,-0.523,0.242,0.788,O
THUMB,0.825,-0.586,-0.078,Towards you,0.634,-0.17,-0.702,0.277,O
INDEX,1.013,-0.116,-0.019,Away from you,0.193,0.668,-0.308,0.649,O
PALM,1.036,-0.033,0.103,Away from you,-0.093,0.667,0.04,0.738,O
PINKY,-0.758,0.547,0.339,Left,0.617,-0.105,0.537,0.566,O
RING,-0.809,0.389,0.057,Left,-0.274,0.471,-0.437,-0.716,O
MIDDLE,-0.931,0.169,0.271,Towards you,0.225,-0.551,0.271,0.757,O
THUMB,0.721,-0.713,-0.141,Towards you,0.568,-0.195,-0.747,0.287,O
INDEX,1.023,-0.144,-0.317,Away from you,0.182,0.725,-0.34,0.57,O
PALM,1.017,0.049,0.048,Away from you,-0.055,0.68,0.034,0.73,O
PINKY,-0.656,0.479,0.349,Left,0.624,-0.091,0.522,0.575,O
RING,-0.883,0.395,0.181,Left,-0.295,0.444,-0.436,-0.725,O
MIDDLE,-0.848,0.177,0.31,Left,0.258,-0.515,0.26,0.775,O
THUMB,0.649,-0.729,-0.226,Towards you,0.53,-0.223,-0.754,0.317,O
INDEX,0.993,-0.126,-0.267,Away from you,0.186,0.737,-0.34,0.553,O
PALM,1.005,0.011,-0.02,Away from you,-0.036,0.695,0.034,0.717,O
PINKY,-0.818,0.466,0.462,Left,0.616,-0.106,0.523,0.579,O
RING,-0.955,0.315,0.253,Left,-0.3,0.459,-0.423,-0.722,O
MIDDLE,-0.887,0.077,0.389,Towards you,0.266,-0.522,0.234,0.776,O
THUMB,0.629,-0.633,-0.326,Towards you,0.502,-0.231,-0.766,0.33,O
INDEX,1.004,-0.12,-0.336,Away from you,0.174,0.744,-0.34,0.548,O
PALM,1.048,0.093,-0.005,Away from you,-0.019,0.694,0.047,0.718,O
PINKY,-0.745,0.467,0.332,Left,0.598,-0.131,0.53,0.587,O
RING,-0.876,0.329,0.119,Left,-0.283,0.483,-0.422,-0.713,O
MIDDLE,-0.951,0.119,0.249,Towards you,0.251,-0.551,0.238,0.759,O
THUMB,0.558,-0.795,-0.211,Towards you,0.494,-0.241,-0.748,0.372,O
INDEX,1.015,-0.065,-0.169,Away from you,0.189,0.726,-0.323,0.578,O
PALM,1.042,0.04,-0.085,Away from you,-0.029,0.72,0.036,0.693,O
PINKY,-0.789,0.51,0.284,Left,0.566,-0.144,0.555,0.592,O
RING,-0.909,0.34,0.078,Left,-0.263,0.498,-0.434,-0.703,O
MIDDLE,-0.931,0.128,0.238,Towards you,0.238,-0.563,0.247,0.752,O
THUMB,0.583,-0.804,-0.202,Towards you,0.504,-0.235,-0.739,0.38,O
INDEX,1.034,-0.108,-0.232,Away from you,0.199,0.72,-0.316,0.585,O
PALM,1.044,0.046,-0.088,Away from you,-0.023,0.725,0.026,0.688,O
PINKY,-0.738,0.527,0.276,Left,0.552,-0.153,0.558,0.6,O
RING,-0.892,0.357,0.102,Left,-0.252,0.503,-0.432,-0.705,O
MIDDLE,-0.919,0.136,0.26,Towards you,0.234,-0.564,0.246,0.753,P
THUMB,0.577,-0.817,-0.236,Towards you,0.503,-0.235,-0.74,0.379,P
INDEX,1.025,-0.104,-0.191,Away from you,0.201,0.719,-0.32,0.583,P
PALM,1.036,0.049,-0.101,Away from you,-0.013,0.725,0.021,0.688,P
PINKY,-0.762,0.501,0.292,Left,0.537,-0.168,0.554,0.613,P
RING,-0.895,0.362,0.088,Left,-0.243,0.512,-0.422,-0.708,P
MIDDLE,-0.936,0.107,0.236,Towards you,0.227,-0.568,0.239,0.754,P
THUMB,0.553,-0.824,-0.169,Towards you,0.501,-0.231,-0.74,0.384,P
INDEX,1.022,-0.129,-0.215,Away from you,0.2,0.717,-0.316,0.588,P
PALM,1.049,0.077,-0.092,Away from you,-0.009,0.726,0.017,0.688,P
PINKY,-0.712,0.498,0.2,Left,0.518,-0.182,0.554,0.625,P
RING,-0.904,0.342,0.063,Left,-0.229,0.522,-0.418,-0.708,P
MIDDLE,-0.923,0.143,0.218,Towards you,0.221,-0.575,0.238,0.751,P
THUMB,0.585,-0.785,-0.214,Towards you,0.505,-0.228,-0.739,0.383,P
INDEX,1.011,-0.082,-0.191,Away from you,0.211,0.715,-0.316,0.587,P
PALM,0.981,0.012,-0.122,Away from you,-0.001,0.725,0.002,0.688,P
PINKY,-0.744,0.535,0.226,Left,0.507,-0.19,0.559,0.628,P
RING,-0.844,0.302,0.046,Left,-0.224,0.528,-0.419,-0.705,P
THUMB,0.177,-0.915,-0.374,Towards you,0.32,-0.336,-0.752,0.469,P
INDEX,1.019,-0.103,-0.178,Right,0.246,0.685,-0.377,0.572,P
PALM,1.02,0.128,-0.202,Away from you,0.218,0.731,-0.19,0.618,P
PINKY,-0.848,0.411,0.119,Left,0.13,-0.526,0.382,0.748,P
RING,-0.923,0.235,-0.113,Towards you,-0.011,0.711,-0.2,-0.674,P
MIDDLE,-0.97,-0.024,0.197,Towards you,0.149,-0.636,0.095,0.751,P
THUMB,0.172,-0.897,-0.372,Towards you,0.319,-0.335,-0.753,0.468,P
INDEX,1.025,-0.11,-0.168,Right,0.249,0.684,-0.38,0.57,P
PALM,1.024,0.133,-0.197,Away from you,0.226,0.728,-0.198,0.616,P
PINKY,-0.85,0.426,0.131,Towards you,0.114,-0.534,0.371,0.751,P
RING,-0.929,0.222,-0.1,Towards you,-0.003,0.713,-0.192,-0.674,P
MIDDLE,-0.961,-0.035,0.191,Towards you,0.146,-0.636,0.092,0.752,P
THUMB,0.168,-0.914,-0.378,Towards you,0.32,-0.335,-0.753,0.468,P
INDEX,1.026,-0.103,-0.177,Right,0.252,0.682,-0.383,0.569,P
PALM,1.022,0.115,-0.197,Away from you,0.234,0.725,-0.209,0.613,P
PINKY,-0.848,0.411,0.135,Towards you,0.099,-0.54,0.36,0.754,P
RING,-0.934,0.24,-0.101,Towards you,0.005,0.714,-0.185,-0.676,P
MIDDLE,-0.949,-0.017,0.203,Towards you,0.144,-0.633,0.09,0.755,P
THUMB,0.213,-0.905,-0.366,Towards you,0.328,-0.33,-0.752,0.466,P
INDEX,1.032,-0.187,-0.089,Right,0.258,0.659,-0.384,0.592,P
PALM,1.027,0.046,-0.221,Towards you,-0.458,-0.784,-0.451,1.79,P
PINKY,-0.634,0.54,0.507,Towards you,-0.081,-0.407,0.27,0.869,P
RING,-0.827,0.402,0.347,Towards you,0.167,0.548,-0.117,-0.811,P
MIDDLE,-0.708,0.122,0.702,Towards you,-0.026,-0.407,0.041,0.912,P
THUMB,0.343,-0.927,-0.163,Towards you,0.363,-0.175,-0.739,0.54,P
INDEX,0.79,-0.252,0.471,Right,0.208,0.457,-0.291,0.815,P
PALM,1.019,0.02,-0.27,Away from you,0.118,0.757,-0.151,0.625,P
PINKY,-0.584,0.569,0.562,Towards you,-0.119,-0.385,0.263,0.877,P
RING,-0.78,0.377,0.445,Towards you,0.201,0.507,-0.108,-0.831,P
MIDDLE,-0.574,0.165,0.819,Up,-0.062,-0.316,0.052,0.945,P
THUMB,0.36,-0.937,-0.023,Towards you,0.391,-0.175,-0.717,0.55,P
INDEX,0.586,-0.273,0.674,Up,0.237,0.325,-0.261,0.877,P
PALM,1.008,-0.034,-0.278,Away from you,0.11,0.763,-0.168,0.615,P
PINKY,-0.515,0.595,0.589,Towards you,-0.141,-0.354,0.264,0.886,P
RING,-0.672,0.434,0.555,Towards you,0.218,0.45,-0.115,-0.859,P
MIDDLE,-0.39,0.17,0.935,Up,-0.078,-0.224,0.062,0.969,P
THUMB,0.424,-0.964,0.003,Towards you,0.439,-0.171,-0.682,0.559,P
INDEX,0.504,-0.25,0.707,Up,0.236,0.279,-0.242,0.899,P
PALM,1.002,-0.033,-0.298,Away from you,0.095,0.767,-0.169,0.612,P
PINKY,-0.049,0.532,0.802,Up,-0.212,-0.109,0.233,0.943,P
RING,-0.099,0.457,0.932,Up,0.34,0.132,-0.158,-0.917,P
MIDDLE,0.081,0.276,0.924,Up,-0.18,-0.021,0.122,0.976,P
THUMB,0.221,-0.741,0.78,Towards you,0.666,-0.192,-0.406,0.596,P
INDEX,0.47,-0.193,0.831,Up,0.127,0.287,-0.201,0.928,P
PALM,1.009,-0.088,-0.302,Away from you,0.011,0.785,-0.093,0.612,P
PINKY,0.316,0.26,0.948,Up,-0.287,0.121,0.159,0.937,P
RING,0.071,0.195,0.863,Up,0.414,0.023,-0.106,-0.904,P
MIDDLE,-0.164,0.129,0.992,Up,-0.228,-0.073,0.045,0.97,P
THUMB,0.076,-0.442,0.946,Up,0.889,-0.201,-0.095,0.401,P
INDEX,-0.046,-0.23,0.853,Up,0.106,0.035,-0.177,0.978,P
PALM,1.008,-0.056,-0.305,Away from you,0.061,0.773,-0.135,0.617,P
PINKY,-0.089,0.456,0.827,Up,-0.277,-0.115,0.177,0.937,P
RING,-0.563,0.386,0.713,Up,0.337,0.359,-0.044,-0.869,P
MIDDLE,-0.655,0.086,0.755,Up,-0.177,-0.358,-0.032,0.916,P
THUMB,0.127,-0.414,0.97,Up,0.915,-0.177,-0.108,0.346,P
INDEX,-0.379,-0.149,0.766,Up,0.126,-0.163,-0.107,0.973,P
PALM,1.012,-0.026,-0.271,Away from you,0.083,0.765,-0.147,0.622,P
PINKY,-0.076,0.469,0.895,Up,-0.287,-0.124,0.176,0.933,P
RING,-0.306,0.381,0.74,Up,0.373,0.254,-0.07,-0.89,P
MIDDLE,-0.105,0.2,0.889,Up,-0.207,-0.108,0.055,0.971,P
THUMB,0.255,-0.679,0.789,Up,0.788,-0.218,-0.284,0.501,P
INDEX,0.372,-0.273,0.706,Up,0.104,0.182,-0.186,0.96,P
PALM,1.005,-0.023,-0.279,Away from you,0.071,0.773,-0.133,0.616,P
PINKY,0.126,0.468,0.874,Up,-0.282,-0.007,0.201,0.938,P
RING,-0.048,0.422,0.899,Up,0.391,0.098,-0.144,-0.904,P
MIDDLE,0.06,0.242,0.982,Up,-0.201,0.005,0.101,0.974,P
THUMB,0.153,-0.698,0.867,Towards you,0.766,-0.242,-0.308,0.509,P
INDEX,0.174,-0.393,1.324,Up,0.116,0.211,-0.205,0.949,P
PALM,1.0,-0.046,-0.3,Away from you,0.081,0.771,-0.162,0.61,P
PINKY,0.133,0.466,0.85,Up,-0.279,-0.013,0.2,0.939,P
RING,-0.116,0.388,0.96,Up,0.384,0.111,-0.138,-0.906,P
MIDDLE,0.091,0.209,0.981,Up,-0.196,0.013,0.099,0.976,P
THUMB,0.428,-0.723,0.639,Towards you,0.732,-0.14,-0.393,0.538,P
INDEX,0.439,-0.222,0.746,Up,0.127,0.248,-0.197,0.94,P
PALM,1.002,-0.069,-0.309,Away from you,0.083,0.769,-0.178,0.609,P
PINKY,0.121,0.466,0.867,Up,-0.274,0.003,0.212,0.938,P
RING,-0.046,0.457,0.909,Up,0.375,0.095,-0.156,-0.909,P
MIDDLE,0.105,0.212,0.983,Up,-0.183,0.021,0.12,0.975,P
THUMB,0.508,-0.806,0.419,Towards you,0.624,-0.134,-0.496,0.589,P
INDEX,0.443,-0.214,0.73,Up,0.141,0.245,-0.179,0.942,P
PALM,1.009,-0.08,-0.293,Away from you,0.084,0.765,-0.193,0.609,P
PINKY,0.277,0.482,0.823,Up,-0.253,0.072,0.22,0.939,P
RING,0.081,0.383,0.95,Up,0.354,0.018,-0.161,-0.921,P
MIDDLE,0.248,0.277,0.933,Up,-0.162,0.085,0.139,0.973,P
THUMB,0.593,-0.771,0.375,Towards you,0.599,-0.078,-0.538,0.588,P
INDEX,0.498,-0.199,0.711,Up,0.165,0.266,-0.179,0.933,P
PALM,1.008,-0.102,-0.288,Away from you,0.093,0.759,-0.215,0.608,P
PINKY,0.341,0.423,0.843,Up,-0.228,0.13,0.209,0.942,P
RING,0.146,0.344,0.997,Up,0.332,-0.041,-0.159,-0.929,P
MIDDLE,0.276,0.269,0.894,Up,-0.138,0.112,0.138,0.974,P
THUMB,0.572,-0.731,0.479,Towards you,0.604,-0.063,-0.532,0.59,P
INDEX,0.495,-0.143,0.706,Up,0.194,0.285,-0.177,0.922,P
PALM,1.0,-0.099,-0.328,Away from you,0.105,0.763,-0.24,0.591,P
PINKY,0.323,0.503,0.826,Up,-0.195,0.116,0.222,0.948,P
RING,0.162,0.328,0.936,Up,0.304,-0.034,-0.159,-0.939,P
MIDDLE,0.209,0.284,0.967,Up,-0.114,0.092,0.136,0.98,P
THUMB,0.563,-0.715,0.592,Towards you,0.673,-0.061,-0.444,0.588,P
INDEX,0.579,-0.111,0.755,Up,0.206,0.337,-0.17,0.903,P
PALM,0.997,-0.094,-0.337,Away from you,0.114,0.762,-0.25,0.586,P
PINKY,0.294,0.491,0.854,Up,-0.195,0.114,0.219,0.949,P
RING,0.159,0.367,0.96,Up,0.298,-0.033,-0.162,-0.94,P
MIDDLE,0.216,0.31,0.949,Up,-0.102,0.092,0.138,0.981,P
THUMB,0.608,-0.609,0.586,Towards you,0.666,-0.049,-0.467,0.579,P
INDEX,0.41,-0.179,0.828,Up,0.226,0.26,-0.167,0.924,P
PALM,0.989,-0.111,-0.356,Away from you,0.128,0.753,-0.275,0.584,P
PINKY,0.291,0.441,0.816,Up,-0.195,0.107,0.209,0.952,P
RING,-0.006,0.372,1.019,Up,0.296,0.019,-0.141,-0.945,P
MIDDLE,0.032,0.201,0.874,Up,-0.109,-0.0,0.1,0.989,P
THUMB,0.611,-0.597,0.579,Towards you,0.669,-0.043,-0.477,0.568,P
INDEX,0.094,-0.116,0.811,Up,0.201,0.086,-0.111,0.969,P
PALM,1.006,-0.094,-0.281,Away from you,0.142,0.741,-0.273,0.597,P
PINKY,0.019,0.528,0.854,Up,-0.24,-0.046,0.202,0.948,P
RING,-0.415,0.273,0.592,Up,0.298,0.295,-0.076,-0.905,P
MIDDLE,-0.743,0.109,0.756,Up,-0.1,-0.339,0.033,0.935,P
THUMB,0.656,-0.679,0.461,Towards you,0.634,-0.023,-0.524,0.568,P
INDEX,-0.771,-0.027,0.6,Up,0.191,-0.311,0.023,0.931,P
PALM,1.02,-0.078,-0.259,Away from you,0.154,0.733,-0.274,0.603,P
PINKY,-0.692,0.501,0.453,Towards you,-0.2,-0.461,0.143,0.852,P
RING,-0.995,0.277,0.082,Towards you,0.181,0.662,0.001,-0.727,P
MIDDLE,-0.995,0.065,0.096,Towards you,-0.072,-0.673,-0.024,0.736,P
THUMB,0.672,-0.684,0.408,Towards you,0.611,-0.025,-0.553,0.565,P
INDEX,-0.963,0.062,0.081,Towards you,0.161,-0.575,0.111,0.795,P
PALM,1.009,-0.091,-0.282,Away from you,0.167,0.728,-0.297,0.594,P
PINKY,-0.79,0.482,0.151,Towards you,-0.183,-0.6,0.146,0.765,P
RING,-0.941,0.217,-0.18,Towards you,0.134,0.758,0.017,-0.639,P
MIDDLE,-0.986,0.062,-0.112,Towards you,-0.073,-0.751,-0.051,0.655,P
THUMB,0.696,-0.688,0.333,Towards you,0.588,-0.021,-0.585,0.558,P
INDEX,-0.959,0.054,-0.049,Towards you,0.141,-0.645,0.117,0.742,P
PALM,1.018,-0.056,-0.247,Away from you,0.192,0.719,-0.303,0.595,P
PINKY,-0.803,0.447,0.131,Towards you,-0.196,-0.617,0.131,0.751,P
RING,-0.927,0.193,-0.169,Towards you,0.13,0.755,0.025,-0.642,P
MIDDLE,-0.947,0.036,-0.119,Towards you,-0.078,-0.748,-0.07,0.656,P
THUMB,0.736,-0.717,0.272,Towards you,0.581,-0.009,-0.602,0.547,Q
INDEX,-1.008,0.012,-0.044,Towards you,0.132,-0.668,0.108,0.725,Q
PALM,1.03,-0.024,-0.198,Away from you,0.214,0.707,-0.302,0.603,Q
PINKY,-0.842,0.517,0.149,Towards you,-0.2,-0.624,0.139,0.743,Q
RING,-0.896,0.172,-0.095,Towards you,0.105,0.733,-0.014,-0.672,Q
MIDDLE,-0.986,-0.004,0.047,Towards you,-0.04,-0.693,-0.048,0.718,Q
THUMB,0.917,-0.56,-0.047,Right,0.536,0.113,-0.692,0.469,Q
INDEX,-0.955,-0.006,0.065,Towards you,0.183,-0.613,0.103,0.762,Q
PALM,1.045,-0.024,-0.16,Right,0.26,0.672,-0.337,0.606,Q
PINKY,-0.878,0.471,0.087,Towards you,-0.188,-0.635,0.153,0.734,Q
RING,-0.958,0.133,-0.168,Towards you,0.106,0.76,-0.002,-0.641,Q
MIDDLE,-0.986,-0.046,-0.06,Towards you,-0.04,-0.733,-0.051,0.677,Q
THUMB,0.887,-0.475,-0.032,Right,0.515,0.159,-0.721,0.436,Q
INDEX,-0.917,-0.084,0.02,Towards you,0.161,-0.667,0.115,0.719,Q
PALM,1.033,-0.067,-0.139,Right,0.277,0.658,-0.345,0.61,Q
PINKY,-0.956,0.389,0.12,Towards you,-0.101,-0.612,0.177,0.764,Q
RING,-1.045,0.114,-0.051,Towards you,0.007,0.73,-0.062,-0.68,Q
MIDDLE,-1.055,-0.192,0.006,Towards you,0.108,-0.722,0.013,0.683,Q
THUMB,0.879,-0.596,-0.135,Towards you,0.549,-0.018,-0.77,0.324,Q
PALM,1.001,0.249,0.115,Towards you,0.748,-0.01,-0.647,-0.151,Q
PINKY,-0.755,0.31,0.505,Right,-0.529,-0.457,-0.148,0.7,Q
RING,-0.768,0.131,0.613,Towards you,0.277,0.426,0.088,-0.857,Q
MIDDLE,-0.684,-0.208,0.685,Towards you,0.147,-0.393,-0.067,0.905,Q
THUMB,0.217,-0.1,1.033,Up,0.992,-0.053,-0.104,-0.05,Q
INDEX,-0.488,-0.376,0.623,Up,0.226,-0.325,-0.177,0.901,Q
PALM,0.997,0.249,0.109,Towards you,0.746,-0.015,-0.647,-0.155,Q
PINKY,-0.742,0.327,0.506,Right,-0.543,-0.456,-0.156,0.688,Q
RING,-0.773,0.136,0.605,Towards you,0.285,0.425,0.092,-0.854,Q
MIDDLE,-0.681,-0.214,0.684,Towards you,0.142,-0.394,-0.069,0.905,Q
THUMB,0.225,-0.105,1.037,Up,0.992,-0.054,-0.105,-0.045,Q
INDEX,-0.481,-0.39,0.627,Up,0.215,-0.326,-0.181,0.903,Q
PALM,1.004,0.245,0.114,Towards you,0.745,-0.019,-0.647,-0.16,Q
PINKY,-0.739,0.322,0.513,Right,-0.558,-0.453,-0.166,0.675,Q
RING,-0.771,0.128,0.605,Towards you,0.294,0.425,0.098,-0.851,Q
MIDDLE,-0.679,-0.208,0.691,Towards you,0.139,-0.394,-0.071,0.906,Q
THUMB,0.225,-0.108,1.034,Up,0.992,-0.054,-0.105,-0.041,Q
INDEX,-0.48,-0.384,0.623,Up,0.205,-0.325,-0.184,0.904,Q
PALM,0.995,0.246,0.113,Towards you,0.743,-0.023,-0.648,-0.164,Q
PINKY,-0.758,0.306,0.505,Right,-0.572,-0.45,-0.176,0.663,Q
RING,-0.779,0.128,0.597,Towards you,0.303,0.424,0.103,-0.847,Q
MIDDLE,-0.683,-0.191,0.684,Towards you,0.137,-0.395,-0.073,0.905,Q
THUMB,0.235,-0.103,1.033,Up,0.992,-0.054,-0.105,-0.04,Q
INDEX,-0.488,-0.382,0.622,Up,0.198,-0.325,-0.187,0.906,Q
PALM,0.998,0.239,0.109,Towards you,0.742,-0.029,-0.648,-0.172,Q
PINKY,-0.745,0.321,0.511,Right,-0.585,-0.447,-0.183,0.651,Q
RING,-0.773,0.135,0.604,Towards you,0.312,0.423,0.106,-0.844,Q
MIDDLE,-0.677,-0.217,0.678,Towards you,0.134,-0.395,-0.074,0.906,Q
THUMB,0.23,-0.114,1.044,Up,0.992,-0.054,-0.106,-0.037,Q
INDEX,-0.475,-0.405,0.636,Up,0.189,-0.322,-0.192,0.907,Q
PALM,0.997,0.227,0.102,Towards you,0.741,-0.031,-0.647,-0.176,Q
PINKY,-0.751,0.342,0.497,Right,-0.601,-0.443,-0.194,0.636,Q
RING,-0.76,0.129,0.619,Towards you,0.323,0.422,0.112,-0.84,Q
MIDDLE,-0.675,-0.221,0.69,Towards you,0.128,-0.393,-0.077,0.907,Q
THUMB,0.242,-0.107,1.034,Up,0.992,-0.053,-0.107,-0.03,Q
INDEX,-0.487,-0.415,0.625,Up,0.177,-0.321,-0.197,0.909,Q
PALM,1.003,0.253,0.13,Towards you,0.74,-0.035,-0.647,-0.182,Q
PINKY,-0.759,0.307,0.514,Right,-0.616,-0.435,-0.207,0.624,Q
RING,-0.773,0.12,0.612,Up,0.334,0.418,0.12,-0.836,Q
MIDDLE,-0.681,-0.221,0.669,Towards you,0.125,-0.393,-0.081,0.907,Q
THUMB,0.248,-0.093,1.043,Up,0.992,-0.053,-0.109,-0.026,Q
INDEX,-0.48,-0.382,0.627,Up,0.168,-0.319,-0.2,0.911,Q
PALM,1.002,0.224,0.117,Towards you,0.738,-0.041,-0.647,-0.186,Q
PINKY,-0.757,0.301,0.502,Right,-0.628,-0.431,-0.216,0.61,Q
RING,-0.781,0.107,0.603,Up,0.342,0.418,0.127,-0.832,Q
MIDDLE,-0.668,-0.255,0.685,Towards you,0.12,-0.395,-0.086,0.906,Q
THUMB,0.231,-0.137,1.033,Up,0.992,-0.057,-0.11,-0.02,Q
INDEX,-0.509,-0.398,0.613,Up,0.157,-0.322,-0.207,0.911,Q
PALM,1.002,0.25,0.07,Towards you,0.734,-0.041,-0.651,-0.19,Q
PINKY,-0.734,0.321,0.516,Right,-0.642,-0.427,-0.227,0.595,Q
RING,-0.754,0.125,0.622,Up,0.353,0.415,0.131,-0.828,Q
MIDDLE,-0.669,-0.21,0.695,Towards you,0.117,-0.392,-0.086,0.908,Q
THUMB,0.236,-0.103,1.03,Up,0.992,-0.053,-0.11,-0.018,Q
INDEX,-0.49,-0.401,0.619,Up,0.148,-0.316,-0.209,0.914,Q
PALM,1.002,0.254,0.098,Towards you,0.734,-0.047,-0.649,-0.195,Q
PINKY,-0.748,0.314,0.505,Right,-0.657,-0.42,-0.236,0.581,Q
RING,-0.766,0.124,0.606,Up,0.362,0.414,0.137,-0.824,Q
MIDDLE,-0.667,-0.219,0.681,Towards you,0.113,-0.394,-0.089,0.908,Q
THUMB,0.237,-0.118,1.026,Up,0.992,-0.056,-0.11,-0.013,Q
INDEX,-0.504,-0.395,0.619,Up,0.138,-0.316,-0.213,0.914,Q
PALM,1.001,0.244,0.108,Towards you,0.731,-0.052,-0.65,-0.201,Q
PINKY,-0.738,0.312,0.513,Right,-0.669,-0.415,-0.243,0.567,Q
RING,-0.776,0.123,0.61,Up,0.372,0.413,0.141,-0.819,Q
MIDDLE,-0.681,-0.221,0.673,Towards you,0.109,-0.394,-0.089,0.908,Q
THUMB,0.237,-0.122,1.038,Up,0.992,-0.056,-0.109,-0.01,Q
INDEX,-0.493,-0.393,0.613,Up,0.129,-0.314,-0.215,0.916,Q
PALM,0.997,0.241,0.099,Towards you,0.729,-0.057,-0.65,-0.206,Q
PINKY,-0.75,0.318,0.514,Right,-0.681,-0.411,-0.253,0.551,Q
RING,-0.779,0.124,0.604,Up,0.38,0.412,0.146,-0.815,Q
MIDDLE,-0.673,-0.212,0.684,Towards you,0.107,-0.394,-0.09,0.908,Q
THUMB,0.223,-0.114,1.031,Up,0.992,-0.055,-0.109,-0.01,Q
INDEX,-0.484,-0.392,0.621,Up,0.123,-0.313,-0.217,0.916,Q
PALM,1.004,0.273,0.115,Towards you,0.728,-0.063,-0.648,-0.215,Q
PINKY,-0.756,0.336,0.502,Right,-0.691,-0.405,-0.26,0.539,Q
RING,-0.796,0.13,0.583,Up,0.385,0.412,0.149,-0.812,Q
MIDDLE,-0.707,-0.186,0.662,Towards you,0.108,-0.396,-0.09,0.908,Q
THUMB,0.236,-0.097,1.026,Up,0.992,-0.056,-0.108,-0.013,Q
INDEX,-0.488,-0.414,0.616,Up,0.119,-0.311,-0.219,0.917,Q
PALM,0.991,0.275,0.11,Towards you,0.725,-0.07,-0.648,-0.223,Q
PINKY,-0.761,0.314,0.497,Right,-0.701,-0.4,-0.267,0.527,Q
RING,-0.776,0.128,0.61,Up,0.393,0.409,0.151,-0.809,Q
MIDDLE,-0.681,-0.197,0.678,Towards you,0.107,-0.393,-0.09,0.909,Q
THUMB,0.228,-0.104,1.032,Up,0.993,-0.053,-0.109,-0.011,Q
INDEX,-0.5,-0.379,0.624,Up,0.111,-0.308,-0.22,0.919,Q
PALM,1.001,0.239,0.116,Towards you,0.725,-0.078,-0.646,-0.228,Q
PINKY,-0.753,0.321,0.508,Right,-0.713,-0.395,-0.273,0.511,Q
RING,-0.78,0.118,0.598,Up,0.403,0.408,0.154,-0.805,Q
MIDDLE,-0.673,-0.217,0.678,Towards you,0.102,-0.393,-0.091,0.909,Q
THUMB,0.236,-0.117,1.029,Up,0.993,-0.054,-0.109,-0.006,Q
INDEX,-0.489,-0.401,0.624,Up,0.1,-0.307,-0.224,0.919,Q
PALM,1.001,0.237,0.102,Towards you,0.722,-0.082,-0.647,-0.232,Q
PINKY,-0.746,0.322,0.517,Right,-0.724,-0.39,-0.283,0.495,Q
RING,-0.776,0.123,0.609,Up,0.412,0.406,0.16,-0.8,Q
MIDDLE,-0.669,-0.218,0.684,Towards you,0.099,-0.392,-0.093,0.91,Q
THUMB,0.222,-0.111,1.032,Up,0.993,-0.053,-0.109,-0.003,Q
INDEX,-0.492,-0.396,0.621,Up,0.091,-0.304,-0.227,0.921,Q
PALM,0.999,0.251,0.087,Towards you,0.72,-0.087,-0.646,-0.238,Q
PINKY,-0.744,0.318,0.514,Right,-0.735,-0.382,-0.289,0.479,Q
RING,-0.778,0.126,0.612,Up,0.422,0.403,0.163,-0.796,Q
MIDDLE,-0.671,-0.215,0.681,Towards you,0.094,-0.39,-0.094,0.911,Q
THUMB,0.231,-0.109,1.032,Up,0.993,-0.051,-0.11,0.002,Q
INDEX,-0.482,-0.396,0.626,Up,0.08,-0.299,-0.23,0.923,Q
PALM,1.003,0.24,0.1,Towards you,0.72,-0.091,-0.644,-0.242,Q
PINKY,-0.743,0.311,0.508,Right,-0.747,-0.375,-0.297,0.461,Q
RING,-0.777,0.123,0.611,Up,0.434,0.4,0.167,-0.79,Q
MIDDLE,-0.664,-0.201,0.691,Towards you,0.088,-0.388,-0.095,0.913,Q
THUMB,0.228,-0.116,1.036,Up,0.993,-0.051,-0.109,0.007,Q
INDEX,-0.475,-0.39,0.624,Up,0.069,-0.295,-0.232,0.924,Q
PALM,1.0,0.245,0.107,Towards you,0.718,-0.096,-0.644,-0.245,Q
PINKY,-0.743,0.325,0.516,Right,-0.758,-0.368,-0.303,0.445,Q
RING,-0.777,0.131,0.616,Up,0.442,0.397,0.169,-0.786,Q
MIDDLE,-0.669,-0.203,0.688,Towards you,0.086,-0.386,-0.093,0.914,Q
THUMB,0.222,-0.105,1.033,Up,0.993,-0.05,-0.109,0.008,Q
INDEX,-0.481,-0.393,0.63,Up,0.063,-0.292,-0.232,0.926,Q
PALM,1.001,0.239,0.102,Towards you,0.715,-0.103,-0.644,-0.252,Q
PINKY,-0.748,0.321,0.517,Right,-0.766,-0.364,-0.31,0.43,Q
RING,-0.766,0.136,0.618,Right,0.448,0.398,0.172,-0.782,Q
MIDDLE,-0.669,-0.21,0.69,Towards you,0.085,-0.387,-0.093,0.913,Q
THUMB,0.215,-0.114,1.033,Up,0.993,-0.052,-0.106,0.008,Q
INDEX,-0.491,-0.375,0.631,Up,0.056,-0.293,-0.233,0.926,Q
PALM,1.008,0.241,0.087,Towards you,0.711,-0.112,-0.645,-0.257,Q
PINKY,-0.756,0.328,0.501,Right,-0.773,-0.362,-0.318,0.413,Q
RING,-0.778,0.136,0.605,Right,0.455,0.4,0.176,-0.776,Q
MIDDLE,-0.67,-0.192,0.686,Towards you,0.081,-0.391,-0.092,0.912,Q
THUMB,0.215,-0.124,1.038,Up,0.993,-0.054,-0.104,0.01,Q
INDEX,-0.487,-0.388,0.63,Up,0.047,-0.294,-0.234,0.926,Q
PALM,1.005,0.23,0.099,Towards you,0.708,-0.118,-0.645,-0.262,Q
PINKY,-0.752,0.333,0.505,Right,-0.78,-0.357,-0.325,0.398,Q
RING,-0.785,0.136,0.601,Right,0.463,0.4,0.18,-0.771,Q
MIDDLE,-0.679,-0.198,0.677,Towards you,0.079,-0.392,-0.092,0.912,Q
THUMB,0.23,-0.128,1.036,Up,0.993,-0.055,-0.103,0.013,Q
INDEX,-0.49,-0.387,0.622,Up,0.038,-0.293,-0.236,0.926,R
PALM,1.002,0.234,0.09,Towards you,0.705,-0.123,-0.645,-0.266,R
PINKY,-0.748,0.321,0.501,Right,-0.788,-0.352,-0.333,0.38,R
RING,-0.788,0.176,0.596,Right,0.471,0.401,0.183,-0.764,R
MIDDLE,-0.68,-0.169,0.695,Towards you,0.076,-0.394,-0.088,0.912,R
THUMB,0.192,-0.092,1.044,Up,0.994,-0.053,-0.098,0.014,R
INDEX,-0.501,-0.363,0.622,Up,0.029,-0.292,-0.233,0.927,R
PALM,1.003,0.231,0.04,Towards you,0.703,-0.133,-0.646,-0.268,R
PINKY,-0.729,0.348,0.512,Right,-0.795,-0.349,-0.341,0.361,R
RING,-0.782,0.164,0.597,Right,0.478,0.403,0.187,-0.758,R
MIDDLE,-0.686,-0.167,0.684,Towards you,0.072,-0.396,-0.089,0.911,R
THUMB,0.199,-0.123,1.04,Up,0.994,-0.057,-0.096,0.017,R
INDEX,-0.541,-0.359,0.615,Up,0.021,-0.295,-0.236,0.926,R
PALM,1.008,0.213,0.071,Towards you,0.696,-0.14,-0.649,-0.273,R
PINKY,-0.755,0.322,0.499,Right,-0.798,-0.345,-0.352,0.347,R
RING,-0.798,0.138,0.572,Right,0.482,0.403,0.197,-0.753,R
MIDDLE,-0.696,-0.19,0.66,Towards you,0.068,-0.401,-0.095,0.909,R
THUMB,0.21,-0.146,1.031,Up,0.993,-0.063,-0.096,0.026,R
INDEX,-0.544,-0.378,0.606,Up,0.003,-0.299,-0.241,0.923,R
PALM,1.005,0.23,0.008,Towards you,0.692,-0.142,-0.655,-0.269,R
PINKY,-0.723,0.365,0.508,Right,-0.807,-0.342,-0.357,0.324,R
PALM,1.016,0.153,0.157,Right,-0.636,-0.405,0.493,-0.434,R
PINKY,-0.785,0.328,0.453,Towards you,0.433,0.5,0.095,-0.744,R
RING,-0.913,0.221,0.22,Away from you,0.78,0.041,0.612,0.121,R
MIDDLE,-0.368,-0.217,0.892,Up,0.324,-0.232,-0.056,0.915,R
THUMB,0.752,-0.208,0.704,Towards you,0.913,-0.119,-0.389,-0.018,R
INDEX,-0.464,-0.471,0.591,Right,-0.408,-0.096,-0.393,0.818,R
PALM,1.01,0.154,0.143,Right,-0.641,-0.398,0.497,-0.429,R
PINKY,-0.781,0.321,0.458,Towards you,0.448,0.498,0.103,-0.735,R
RING,-0.916,0.236,0.226,Away from you,0.779,0.035,0.612,0.131,R
MIDDLE,-0.389,-0.218,0.893,Up,0.325,-0.232,-0.055,0.915,R
THUMB,0.764,-0.217,0.7,Towards you,0.913,-0.118,-0.389,-0.017,R
INDEX,-0.457,-0.482,0.609,Right,-0.414,-0.094,-0.394,0.815,R
PALM,1.014,0.141,0.141,Right,-0.645,-0.392,0.501,-0.422,R
PINKY,-0.782,0.312,0.456,Right,0.464,0.495,0.114,-0.726,R
RING,-0.919,0.225,0.226,Away from you,0.778,0.026,0.612,0.141,R
MIDDLE,-0.367,-0.242,0.897,Up,0.324,-0.232,-0.056,0.915,R
THUMB,0.743,-0.201,0.712,Towards you,0.913,-0.117,-0.391,-0.014,R
INDEX,-0.474,-0.472,0.596,Right,-0.422,-0.09,-0.394,0.811,R
PALM,1.006,0.141,0.158,Right,-0.648,-0.388,0.504,-0.418,R
PINKY,-0.791,0.318,0.448,Right,0.48,0.493,0.125,-0.715,R
RING,-0.914,0.25,0.218,Away from you,0.775,0.017,0.613,0.153,R
MIDDLE,-0.376,-0.236,0.89,Up,0.322,-0.232,-0.056,0.916,R
THUMB,0.755,-0.202,0.693,Towards you,0.913,-0.115,-0.391,-0.009,R
INDEX,-0.464,-0.483,0.596,Right,-0.431,-0.087,-0.396,0.806,R
PALM,1.011,0.155,0.147,Right,-0.651,-0.384,0.508,-0.413,R
PINKY,-0.779,0.341,0.459,Right,0.5,0.489,0.136,-0.702,R
RING,-0.909,0.189,0.256,Away from you,0.773,0.003,0.61,0.174,R
MIDDLE,-0.346,-0.175,0.965,Up,0.306,-0.203,-0.053,0.928,R
THUMB,0.725,-0.201,0.731,Towards you,0.916,-0.096,-0.389,0.015,R
INDEX,-0.0,-0.0,-0.0,Up,-0.502,-0.017,-0.353,0.789,R
PALM,1.022,0.013,0.104,Right,-0.603,-0.416,0.502,-0.461,R
PINKY,-0.7,0.37,0.483,Right,0.607,0.481,0.177,-0.607,R
RING,-0.92,0.254,0.234,Away from you,0.724,-0.081,0.617,0.299,R
MIDDLE,-0.103,-0.006,1.13,Up,0.183,-0.028,-0.027,0.982,R
THUMB,0.673,-0.314,0.753,Towards you,0.913,-0.103,-0.371,0.136,R
INDEX,-0.0,-0.0,-0.0,Up,-0.502,-0.017,-0.353,0.789,R
PALM,1.034,0.09,0.064,Right,-0.578,-0.431,0.503,-0.477,R
PINKY,-0.722,0.411,0.465,Right,0.615,0.482,0.184,-0.597,R
RING,-0.903,0.284,0.22,Away from you,0.724,-0.079,0.616,0.3,R
MIDDLE,-0.031,0.051,1.033,Up,0.189,-0.016,-0.03,0.981,R
THUMB,0.665,-0.357,0.758,Up,0.91,-0.1,-0.37,0.156,R
INDEX,-0.048,-0.12,0.779,Up,-0.502,-0.017,-0.353,0.789,R
PALM,1.036,0.053,0.02,Right,-0.546,-0.464,0.484,-0.502,R
PINKY,-0.437,0.49,0.693,Up,0.762,0.366,0.067,-0.529,R
RING,-0.593,0.484,0.689,Up,0.773,-0.001,0.419,0.477,R
MIDDLE,0.401,0.06,0.813,Up,0.056,0.157,0.014,0.986,R
THUMB,0.527,-0.639,0.633,Towards you,0.804,-0.172,-0.405,0.399,R
INDEX,0.302,-0.397,0.775,Up,-0.716,0.256,-0.07,0.646,R
PALM,1.034,-0.009,-0.136,Right,-0.439,-0.547,0.461,-0.544,R
PINKY,0.137,0.548,0.858,Up,0.848,0.193,-0.134,-0.475,R
RING,-0.017,0.422,0.865,Up,0.771,0.137,0.151,0.603,R
MIDDLE,0.108,0.154,1.018,Up,-0.007,0.051,0.051,0.997,R
THUMB,0.386,-0.825,0.5,Towards you,0.688,-0.216,-0.452,0.526,R
INDEX,0.14,-0.246,0.807,Up,-0.786,0.175,-0.07,0.589,R
PALM,1.03,0.016,-0.244,Right,-0.364,-0.61,0.451,-0.539,R
PINKY,0.06,0.355,0.885,Up,0.895,0.151,-0.094,-0.409,R
RING,-0.454,0.362,0.901,Up,0.73,0.005,0.245,0.638,R
MIDDLE,-0.436,0.06,0.917,Up,-0.073,-0.216,0.008,0.974,R
THUMB,0.316,-0.908,0.476,Towards you,0.633,-0.244,-0.449,0.582,R
INDEX,-0.328,-0.135,0.794,Up,-0.828,-0.011,-0.202,0.523,R
PALM,1.013,0.004,-0.282,Right,-0.325,-0.654,0.426,-0.534,R
PINKY,-0.225,0.509,0.871,Up,0.909,0.221,0.038,-0.351,R
RING,-0.64,0.434,0.719,Up,0.678,-0.091,0.371,0.628,R
MIDDLE,-0.62,0.122,0.777,Up,-0.101,-0.339,0.003,0.935,R
THUMB,0.208,-0.897,0.521,Towards you,0.638,-0.28,-0.405,0.592,R
INDEX,-0.0,-0.0,-0.0,Up,-0.828,-0.011,-0.202,0.523,R
PALM,1.003,-0.015,-0.358,Right,-0.321,-0.662,0.439,-0.515,R
PINKY,-0.256,0.423,0.898,Up,0.915,0.226,0.067,-0.329,R
RING,-0.586,0.368,0.82,Up,0.675,-0.094,0.345,0.646,R
MIDDLE,-0.451,0.087,0.919,Up,-0.108,-0.266,-0.002,0.958,R
THUMB,0.324,-0.869,0.498,Towards you,0.656,-0.253,-0.432,0.564,R
INDEX,-0.0,-0.0,-0.0,Up,-0.828,-0.011,-0.202,0.523,R
PALM,1.024,0.072,-0.227,Right,-0.372,-0.628,0.438,-0.524,R
PINKY,0.396,0.397,0.857,Up,0.894,0.062,-0.217,-0.388,R
RING,0.207,0.302,0.781,Up,0.716,0.149,0.054,0.68,R
MIDDLE,0.03,0.198,0.975,Up,-0.077,0.03,0.062,0.995,R
THUMB,0.342,-0.776,0.537,Towards you,0.699,-0.254,-0.416,0.523,R
INDEX,-0.0,-0.0,-0.0,Up,-0.828,-0.011,-0.202,0.523,R
PALM,1.028,0.01,-0.225,Right,-0.4,-0.601,0.455,-0.521,R
PINKY,0.399,0.331,0.878,Up,0.89,0.033,-0.237,-0.388,R
RING,-0.048,0.32,0.886,Up,0.724,0.081,0.139,0.671,R
MIDDLE,-0.23,0.093,0.941,Up,-0.064,-0.116,0.035,0.991,R
THUMB,0.341,-0.801,0.529,Towards you,0.7,-0.252,-0.422,0.517,R
INDEX,-0.0,-0.0,-0.0,Up,-0.828,-0.011,-0.202,0.523,R
PALM,1.026,0.039,-0.217,Right,-0.413,-0.595,0.468,-0.507,R
PINKY,-0.125,0.488,0.787,Up,0.902,0.225,0.007,-0.368,R
RING,-0.624,0.453,0.722,Up,0.706,-0.067,0.368,0.602,R
MIDDLE,-0.616,0.066,0.748,Up,-0.037,-0.343,0.015,0.938,R
THUMB,0.316,-0.848,0.541,Towards you,0.697,-0.263,-0.416,0.522,R
INDEX,-0.0,-0.0,-0.0,Up,-0.828,-0.011,-0.202,0.523,R
PALM,1.024,0.075,-0.195,Right,-0.419,-0.59,0.479,-0.497,R
PINKY,-0.124,0.312,0.934,Up,0.903,0.183,0.065,-0.382,R
RING,-0.656,0.25,0.77,Up,0.701,-0.116,0.374,0.596,R
MIDDLE,-0.803,0.123,0.82,Up,-0.042,-0.349,-0.001,0.936,R
THUMB,0.136,-0.915,0.673,Towards you,0.692,-0.284,-0.407,0.524,R
INDEX,-0.0,-0.0,-0.0,Up,-0.828,-0.011,-0.202,0.523,R
PALM,0.949,0.026,-0.255,Right,-0.406,-0.612,0.468,-0.491,R
PINKY,-0.175,0.381,0.821,Up,0.931,0.148,0.11,-0.315,R
RING,-0.75,0.252,0.678,Up,0.655,-0.165,0.34,0.654,R
MIDDLE,-0.638,-0.082,0.781,Up,-0.142,-0.318,-0.079,0.934,R
THUMB,0.332,-0.944,0.401,Towards you,0.623,-0.239,-0.472,0.576,R
INDEX,-0.0,-0.0,-0.0,Up,-0.828,-0.011,-0.202,0.523,R
PALM,1.024,0.261,-0.172,Right,-0.4,-0.648,0.398,-0.511,R
PINKY,-0.205,0.235,0.908,Up,0.95,0.112,0.1,-0.273,R
RING,-0.562,0.325,0.676,Up,0.646,-0.159,0.317,0.676,R
MIDDLE,-0.551,0.031,0.808,Up,-0.134,-0.3,-0.066,0.942,R
THUMB,0.354,-0.791,0.542,Towards you,0.662,-0.225,-0.445,0.559,R
INDEX,-0.0,-0.0,-0.0,Up,-0.828,-0.011,-0.202,0.523,R
PALM,1.025,0.05,-0.177,Right,-0.412,-0.61,0.439,-0.515,R
PINKY,-0.388,0.559,0.915,Up,0.936,0.165,0.104,-0.294,R
RING,-0.579,0.306,0.611,Left,0.654,-0.162,0.373,0.637,R
MIDDLE,-0.766,0.003,0.77,Up,-0.086,-0.369,-0.046,0.924,R
THUMB,0.308,-0.798,0.628,Towards you,0.734,-0.238,-0.368,0.519,R
INDEX,-0.0,-0.0,-0.0,Up,-0.828,-0.011,-0.202,0.523,R
PALM,1.002,0.162,-0.115,Right,-0.453,-0.595,0.445,-0.492,R
PINKY,-0.391,0.373,0.848,Up,0.912,0.201,0.175,-0.313,R
RING,-0.732,0.299,0.566,Left,0.661,-0.187,0.413,0.598,R
MIDDLE,-0.743,0.007,0.663,Towards you,-0.057,-0.398,-0.042,0.915,R
THUMB,0.26,-0.774,0.686,Towards you,0.758,-0.247,-0.332,0.504,R
INDEX,-0.0,-0.0,-0.0,Up,-0.828,-0.011,-0.202,0.523,R
PALM,1.029,0.1,-0.156,Right,-0.454,-0.586,0.463,-0.486,R
PINKY,-0.429,0.396,0.781,Up,0.913,0.217,0.19,-0.29,R
RING,-0.82,0.295,0.522,Left,0.639,-0.208,0.425,0.606,R
MIDDLE,-0.748,0.02,0.618,Towards you,-0.076,-0.417,-0.05,0.904,R
THUMB,0.21,-0.75,0.735,Towards you,0.748,-0.246,-0.308,0.534,R
INDEX,-0.0,-0.0,-0.0,Up,-0.828,-0.011,-0.202,0.523,R
PALM,1.024,0.097,-0.18,Right,-0.439,-0.594,0.458,-0.495,R
PINKY,-0.416,0.384,0.779,Up,0.919,0.22,0.211,-0.249,R
RING,-0.785,0.288,0.515,Left,0.612,-0.228,0.425,0.626,R
MIDDLE,-0.755,0.031,0.633,Towards you,-0.099,-0.424,-0.058,0.898,S
THUMB,0.256,-0.703,0.725,Towards you,0.742,-0.235,-0.309,0.547,S
INDEX,-0.0,-0.0,-0.0,Up,-0.828,-0.011,-0.202,0.523,S
PALM,1.031,0.12,-0.174,Right,-0.444,-0.591,0.457,-0.495,S
PINKY,-0.481,0.37,0.76,Up,0.922,0.215,0.218,-0.236,S
RING,-0.771,0.352,0.491,Left,0.603,-0.239,0.421,0.634,S
MIDDLE,-0.771,-0.037,0.639,Towards you,-0.112,-0.424,-0.067,0.896,S
THUMB,0.097,-0.727,0.77,Towards you,0.727,-0.228,-0.317,0.565,S
INDEX,-0.0,-0.0,-0.0,Up,-0.828,-0.011,-0.202,0.523,S
PALM,1.029,0.123,-0.172,Right,-0.43,-0.605,0.435,-0.51,S
PINKY,-0.463,0.334,0.789,Up,0.936,0.193,0.241,-0.169,S
RING,-0.786,0.18,0.528,Left,0.553,-0.281,0.396,0.676,S
MIDDLE,-0.76,-0.021,0.62,Towards you,-0.168,-0.422,-0.104,0.885,S
THUMB,0.224,-0.756,0.695,Towards you,0.686,-0.215,-0.337,0.607,S
INDEX,-0.0,-0.0,-0.0,Up,-0.828,-0.011,-0.202,0.523,S
PALM,1.02,0.145,-0.189,Right,-0.414,-0.625,0.418,-0.513,S
PINKY,-0.442,0.409,0.764,Up,0.935,0.193,0.255,-0.154,S
RING,-0.806,0.297,0.482,Left,0.548,-0.286,0.404,0.674,S
MIDDLE,-0.765,0.018,0.591,Towards you,-0.169,-0.432,-0.1,0.88,S
THUMB,0.262,-0.762,0.672,Towards you,0.685,-0.224,-0.331,0.61,S
INDEX,-0.0,-0.0,-0.0,Up,-0.828,-0.011,-0.202,0.523,S
PALM,1.026,0.154,-0.024,Right,-0.481,-0.562,0.417,-0.529,S
PINKY,-0.364,0.253,0.874,Up,0.962,0.051,0.215,0.164,S
RING,-0.715,0.23,0.655,Up,0.359,-0.318,0.247,0.842,S
MIDDLE,-0.629,-0.04,0.76,Up,-0.319,-0.32,-0.148,0.88,S
THUMB,0.329,-0.69,0.727,Up,0.614,-0.107,-0.381,0.683,S
INDEX,-0.0,-0.0,-0.0,Up,-0.828,-0.011,-0.202,0.523,S
PALM,1.027,0.146,-0.031,Right,-0.487,-0.558,0.422,-0.523,S
PINKY,-0.367,0.26,0.874,Up,0.959,0.047,0.217,0.174,S
RING,-0.698,0.243,0.663,Up,0.353,-0.321,0.244,0.844,S
MIDDLE,-0.637,-0.026,0.747,Up,-0.32,-0.321,-0.149,0.879,S
THUMB,0.333,-0.697,0.714,Up,0.613,-0.107,-0.382,0.683,S
INDEX,-0.0,-0.0,-0.0,Up,-0.828,-0.011,-0.202,0.523,S
PALM,1.03,0.157,-0.011,Right,-0.493,-0.553,0.429,-0.516,S
PINKY,-0.36,0.249,0.873,Up,0.957,0.045,0.218,0.185,S
RING,-0.718,0.235,0.646,Up,0.347,-0.324,0.243,0.846,S
MIDDLE,-0.64,-0.018,0.757,Up,-0.319,-0.323,-0.148,0.879,S
THUMB,0.348,-0.676,0.721,Up,0.614,-0.11,-0.38,0.683,S
INDEX,-0.0,-0.0,-0.0,Up,-0.828,-0.011,-0.202,0.523,S
PALM,1.021,0.157,-0.051,Right,-0.498,-0.548,0.439,-0.509,S
PINKY,-0.385,0.257,0.867,Up,0.954,0.045,0.223,0.195,S
RING,-0.714,0.235,0.641,Up,0.34,-0.328,0.244,0.847,S
MIDDLE,-0.644,-0.018,0.747,Up,-0.319,-0.326,-0.149,0.877,S
THUMB,0.313,-0.703,0.725,Up,0.613,-0.113,-0.379,0.684,S
INDEX,-0.0,-0.0,-0.0,Up,-0.828,-0.011,-0.202,0.523,S
PALM,1.032,0.147,-0.05,Right,-0.503,-0.543,0.448,-0.502,S
PINKY,-0.361,0.254,0.867,Up,0.953,0.044,0.223,0.203,S
RING,-0.707,0.222,0.661,Up,0.337,-0.328,0.242,0.849,S
MIDDLE,-0.65,-0.01,0.745,Up,-0.315,-0.325,-0.146,0.88,S
THUMB,0.319,-0.705,0.724,Up,0.617,-0.114,-0.378,0.681,S
INDEX,-0.0,-0.0,-0.0,Up,-0.828,-0.011,-0.202,0.523,S
PALM,1.033,0.126,-0.031,Right,-0.513,-0.531,0.46,-0.494,S
PINKY,-0.319,0.275,0.895,Up,0.954,0.057,0.204,0.211,S
RING,-0.705,0.275,0.678,Up,0.337,-0.3,0.25,0.857,S
MIDDLE,-0.573,0.015,0.798,Up,-0.312,-0.307,-0.113,0.892,S
THUMB,0.338,-0.727,0.692,Up,0.599,-0.12,-0.395,0.686,S
INDEX,-0.0,-0.0,-0.0,Up,-0.828,-0.011,-0.202,0.523,S
PALM,1.043,0.076,-0.092,Right,-0.498,-0.51,0.506,-0.486,S
PINKY,-0.198,0.466,0.86,Up,0.946,0.149,0.154,0.242,S
RING,-0.543,0.44,0.662,Up,0.294,-0.221,0.297,0.881,S
MIDDLE,-0.434,0.171,0.913,Up,-0.361,-0.255,-0.002,0.897,S
THUMB,0.236,-0.684,0.758,Up,0.55,-0.119,-0.379,0.735,S
INDEX,-0.0,-0.0,-0.0,Up,-0.828,-0.011,-0.202,0.523,S
PALM,1.037,-0.085,-0.225,Right,-0.41,-0.502,0.561,-0.515,S
PINKY,-0.059,0.693,0.631,Up,0.89,0.265,0.217,0.3,S
RING,-0.653,0.619,0.543,Left,0.214,-0.237,0.383,0.867,S
MIDDLE,-0.312,0.463,0.793,Up,-0.42,-0.257,0.098,0.865,S
THUMB,0.154,-0.634,0.874,Up,0.507,-0.068,-0.305,0.804,S
INDEX,0.375,0.004,0.763,Up,-0.979,0.061,0.179,0.081,S
PALM,1.018,-0.229,-0.237,Right,-0.33,-0.519,0.571,-0.544,S
PINKY,-0.566,0.781,0.348,Away from you,0.761,0.209,0.498,0.359,S
RING,-0.776,0.584,0.197,Left,0.097,-0.471,0.427,0.766,S
MIDDLE,-0.435,0.586,0.678,Towards you,-0.477,-0.387,0.147,0.776,S
THUMB,0.31,-0.43,0.875,Up,0.452,0.022,-0.259,0.853,S
INDEX,0.49,0.103,0.677,Up,-0.969,-0.033,0.244,-0.001,S
PALM,0.928,-0.276,-0.255,Right,-0.253,-0.528,0.563,-0.583,S
PINKY,-0.506,0.884,0.07,Away from you,0.65,0.25,0.594,0.403,S
RING,-0.614,0.746,0.101,Left,0.041,-0.398,0.496,0.771,S
MIDDLE,-0.541,0.734,0.179,Towards you,-0.466,-0.551,0.141,0.678,S
THUMB,0.426,-0.322,0.891,Up,0.475,0.088,-0.22,0.847,S
INDEX,0.617,0.275,0.607,Up,-0.928,-0.081,0.358,0.067,S
PALM,0.918,-0.529,-0.194,Right,-0.255,-0.452,0.61,-0.599,S
PINKY,-0.47,0.82,0.222,Away from you,0.697,0.272,0.531,0.398,S
RING,-0.527,0.718,0.394,Left,0.061,-0.327,0.43,0.84,S
MIDDLE,-0.779,0.617,0.325,Towards you,-0.499,-0.637,-0.024,0.587,S
THUMB,0.318,-0.258,0.957,Up,0.54,0.059,-0.236,0.806,S
INDEX,0.341,0.267,0.983,Up,-0.946,-0.096,0.295,0.094,S
PALM,0.91,-0.513,-0.223,Right,-0.258,-0.44,0.626,-0.59,S
PINKY,-0.404,0.832,0.04,Away from you,0.635,0.264,0.591,0.423,S
RING,-0.664,0.741,0.194,Left,0.034,-0.375,0.488,0.788,S
MIDDLE,-0.583,0.63,0.19,Towards you,-0.497,-0.618,0.051,0.607,S
THUMB,0.124,-0.369,0.982,Up,0.442,-0.02,-0.186,0.877,S
INDEX,0.015,0.264,0.889,Up,-0.985,-0.148,0.085,0.036,S
PALM,0.721,-0.557,-0.608,Right,-0.134,-0.486,0.696,-0.51,S
PINKY,-0.475,0.811,-0.217,Away from you,0.564,0.315,0.674,0.358,S
RING,-0.649,0.755,-0.102,Left,0.087,-0.411,0.571,0.705,S
MIDDLE,-0.652,0.625,0.094,Towards you,-0.418,-0.638,0.097,0.639,S
THUMB,-0.082,-0.489,0.914,Up,0.44,-0.145,-0.189,0.866,S
INDEX,-0.215,0.507,0.741,Up,-0.965,-0.224,0.018,0.138,S
PALM,0.519,-0.601,-0.655,Right,-0.085,-0.447,0.781,-0.428,S
PINKY,-0.491,0.771,-0.443,Away from you,0.477,0.361,0.742,0.303,S
RING,-0.673,0.634,-0.286,Left,0.094,-0.479,0.62,0.614,S
MIDDLE,-0.749,0.698,0.139,Towards you,-0.389,-0.657,0.111,0.636,S
THUMB,-0.209,-0.464,0.928,Up,0.383,-0.195,-0.177,0.886,S
INDEX,-0.038,0.379,0.729,Up,-0.956,-0.233,0.04,0.174,S
PALM,0.482,-0.598,-0.698,Down,-0.042,-0.455,0.796,-0.397,S
PINKY,-0.441,0.704,-0.488,Away from you,0.434,0.319,0.777,0.324,S
RING,-0.633,0.607,-0.463,Left,0.063,-0.51,0.624,0.589,S
MIDDLE,-0.6,0.727,0.284,Towards you,-0.397,-0.553,0.199,0.704,S
THUMB,-0.185,-0.408,0.958,Up,0.344,-0.164,-0.154,0.912,S
INDEX,0.071,0.364,0.682,Up,-0.958,-0.219,0.084,0.165,S
PALM,0.413,-0.663,-0.699,Down,-0.017,-0.453,0.805,-0.383,S
PINKY,-0.406,0.708,-0.57,Away from you,0.4,0.314,0.795,0.331,S
RING,-0.616,0.615,-0.357,Left,0.034,-0.542,0.627,0.558,S
MIDDLE,-0.525,0.801,0.308,Towards you,-0.374,-0.502,0.244,0.741,S
THUMB,-0.157,-0.387,0.968,Up,0.367,-0.144,-0.169,0.903,S
INDEX,0.145,0.44,0.719,Up,-0.946,-0.196,0.162,0.202,S
PALM,0.382,-0.604,-0.692,Down,-0.046,-0.443,0.812,-0.378,S
PINKY,-0.456,0.672,-0.452,Away from you,0.426,0.29,0.785,0.344,S
RING,-0.735,0.651,-0.295,Left,0.037,-0.54,0.598,0.591,S
MIDDLE,-0.496,-0.142,0.4,Towards you,-0.394,-0.462,0.247,0.755,S
THUMB,-0.268,-0.445,0.952,Up,0.388,-0.128,-0.165,0.897,S
INDEX,0.156,0.377,0.519,Up,-0.913,-0.191,0.195,0.303,S
PALM,0.485,-0.653,-0.848,Down,-0.113,-0.408,0.835,-0.352,S
PINKY,-0.624,0.579,-0.46,Away from you,0.456,0.319,0.787,0.268,S
RING,-0.756,0.498,-0.317,Left,0.123,-0.542,0.603,0.573,S
MIDDLE,-0.62,0.61,0.42,Towards you,-0.331,-0.483,0.185,0.789,S
THUMB,-0.164,-0.561,0.858,Up,0.427,-0.209,-0.192,0.858,S
INDEX,-0.08,0.525,0.796,Up,-0.899,-0.24,0.088,0.355,S
PALM,0.529,-0.455,-0.737,Down,-0.136,-0.41,0.844,-0.318,S
PINKY,-0.545,0.661,-0.474,Away from you,0.472,0.275,0.783,0.296,S
RING,-0.767,0.521,-0.308,Left,0.1,-0.558,0.567,0.597,S
MIDDLE,-0.678,0.609,0.377,Towards you,-0.37,-0.534,0.146,0.746,S
THUMB,-0.179,-0.542,0.893,Up,0.391,-0.191,-0.203,0.877,S
INDEX,-0.008,0.419,0.763,Up,-0.918,-0.213,0.111,0.315,S
PALM,0.498,-0.553,-0.775,Down,-0.125,-0.424,0.833,-0.332,S
PINKY,-0.56,0.659,-0.416,Away from you,0.462,0.244,0.79,0.319,S
RING,-0.755,0.508,-0.295,Left,0.082,-0.573,0.548,0.604,S
MIDDLE,-0.629,0.665,0.4,Towards you,-0.378,-0.517,0.152,0.753,S
THUMB,-0.161,-0.529,0.909,Up,0.403,-0.176,-0.211,0.873,S
INDEX,0.06,0.403,0.824,Up,-0.914,-0.188,0.143,0.328,S
PALM,0.542,-0.453,-0.769,Down,-0.153,-0.416,0.835,-0.327,S
PINKY,-0.599,0.635,-0.478,Away from you,0.426,0.178,0.819,0.341,S
RING,-0.572,0.433,-0.555,Towards you,0.011,-0.671,0.511,0.538,S
MIDDLE,-0.64,0.622,0.54,Towards you,-0.395,-0.495,0.134,0.762,S
THUMB,-0.035,-0.586,0.853,Up,0.409,-0.147,-0.254,0.864,S
INDEX,0.157,0.377,0.716,Up,-0.92,-0.161,0.175,0.312,S
PALM,0.627,-0.452,-0.748,Right,-0.196,-0.423,0.819,-0.334,S
PINKY,-0.522,0.613,-0.581,Away from you,0.349,0.122,0.866,0.337,S
RING,-0.625,0.434,-0.569,Towards you,-0.032,-0.741,0.494,0.454,S
MIDDLE,-0.602,0.587,0.461,Towards you,-0.402,-0.479,0.129,0.769,T
THUMB,-0.038,-0.601,0.866,Up,0.417,-0.14,-0.266,0.858,T
INDEX,0.17,0.364,0.803,Up,-0.92,-0.155,0.181,0.313,T
PALM,0.647,-0.43,-0.684,Right,-0.208,-0.408,0.824,-0.334,T
PINKY,-0.53,0.582,-0.638,Away from you,0.338,0.107,0.871,0.341,T
RING,-0.568,0.438,-0.61,Towards you,-0.04,-0.749,0.489,0.446,T
MIDDLE,-0.612,0.595,0.534,Towards you,-0.401,-0.471,0.131,0.775,T
THUMB,-0.01,-0.619,0.854,Up,0.421,-0.139,-0.271,0.855,T
INDEX,0.173,0.36,0.773,Up,-0.919,-0.148,0.183,0.316,T
PALM,0.658,-0.408,-0.711,Right,-0.224,-0.393,0.828,-0.332,T
PINKY,-0.536,0.58,-0.606,Away from you,0.332,0.092,0.873,0.344,T
RING,-0.593,0.446,-0.617,Towards you,-0.047,-0.756,0.48,0.442,T
MIDDLE,-0.557,0.583,0.491,Towards you,-0.409,-0.458,0.133,0.778,T
THUMB,0.004,-0.597,0.876,Up,0.427,-0.129,-0.273,0.852,T
INDEX,0.166,0.385,0.786,Up,-0.917,-0.151,0.19,0.316,T
PALM,0.668,-0.42,-0.682,Right,-0.235,-0.379,0.828,-0.339,T
PINKY,-0.513,0.581,-0.638,Away from you,0.311,0.076,0.88,0.349,T
RING,-0.553,0.425,-0.651,Towards you,-0.053,-0.765,0.473,0.433,T
MIDDLE,-0.547,0.582,0.552,Towards you,-0.418,-0.448,0.136,0.778,T
THUMB,0.043,-0.639,0.852,Up,0.436,-0.115,-0.284,0.846,T
INDEX,0.269,0.287,0.74,Up,-0.916,-0.149,0.208,0.31,T
PALM,0.728,-0.428,-0.598,Right,-0.258,-0.365,0.824,-0.348,T
PINKY,-0.491,0.593,-0.625,Left,0.299,0.064,0.88,0.364,T
RING,-0.555,0.471,-0.65,Towards you,-0.071,-0.772,0.466,0.425,T
PALM,0.723,-0.383,-0.689,Towards you,-0.397,0.058,0.902,-0.157,T
PINKY,-0.561,0.513,-0.63,Left,0.179,-0.286,0.844,0.417,T
RING,-0.628,0.358,-0.651,Towards you,-0.111,-0.868,0.26,0.408,T
MIDDLE,-0.767,0.438,0.379,Towards you,-0.461,-0.547,-0.046,0.697,T
THUMB,0.077,-0.52,0.931,Up,0.415,-0.069,-0.24,0.875,T
INDEX,0.209,0.303,0.775,Up,-0.878,-0.089,0.205,0.424,T
PALM,0.733,-0.361,-0.671,Towards you,-0.4,0.072,0.901,-0.15,T
PINKY,-0.56,0.501,-0.638,Left,0.174,-0.297,0.84,0.42,T
RING,-0.629,0.346,-0.655,Towards you,-0.114,-0.871,0.252,0.407,T
MIDDLE,-0.765,0.434,0.378,Towards you,-0.464,-0.546,-0.049,0.696,T
THUMB,0.083,-0.505,0.935,Up,0.416,-0.069,-0.241,0.874,T
INDEX,0.208,0.291,0.75,Up,-0.876,-0.087,0.206,0.427,T
PALM,0.737,-0.348,-0.687,Towards you,-0.404,0.086,0.899,-0.142,T
PINKY,-0.583,0.527,-0.637,Left,0.173,-0.306,0.835,0.423,T
RING,-0.623,0.334,-0.64,Towards you,-0.116,-0.87,0.246,0.41,T
MIDDLE,-0.786,0.434,0.417,Towards you,-0.467,-0.542,-0.051,0.697,T
THUMB,0.084,-0.51,0.927,Up,0.419,-0.07,-0.246,0.871,T
INDEX,0.212,0.305,0.787,Up,-0.874,-0.081,0.207,0.431,T
PALM,0.745,-0.358,-0.668,Towards you,-0.412,0.1,0.896,-0.131,T
PINKY,-0.598,0.508,-0.583,Left,0.182,-0.31,0.826,0.435,T
RING,-0.657,0.357,-0.612,Towards you,-0.118,-0.865,0.239,0.424,T
MIDDLE,-0.85,0.436,0.443,Towards you,-0.461,-0.547,-0.063,0.695,T
THUMB,0.1,-0.547,0.904,Up,0.422,-0.065,-0.263,0.865,T
INDEX,0.124,0.161,0.805,Up,-0.898,-0.074,0.157,0.405,T
PALM,0.77,-0.342,-0.621,Towards you,-0.437,0.112,0.886,-0.108,T
PINKY,-0.594,0.565,-0.323,Left,0.291,-0.19,0.782,0.517,T
RING,-0.741,0.419,-0.473,Towards you,-0.101,-0.759,0.31,0.564,T
MIDDLE,-0.477,0.439,0.782,Up,-0.515,-0.352,0.05,0.78,T
THUMB,0.062,-0.735,0.685,Up,0.315,-0.119,-0.355,0.872,T
INDEX,0.038,0.065,0.923,Up,-0.918,-0.006,0.083,0.389,T
PALM,0.805,-0.257,-0.637,Towards you,-0.437,0.127,0.888,-0.075,T
PINKY,-0.7,0.66,-0.148,Left,0.336,-0.141,0.758,0.541,T
RING,-1.077,0.626,0.186,Towards you,-0.083,-0.691,0.331,0.637,T
MIDDLE,-0.287,0.317,0.81,Up,-0.505,-0.256,0.096,0.819,T
THUMB,-0.119,-0.835,0.679,Up,0.294,-0.151,-0.387,0.86,T
INDEX,0.105,-0.054,0.756,Up,-0.912,0.042,0.063,0.402,T
PALM,0.768,-0.208,-0.621,Towards you,-0.426,0.158,0.89,-0.04,T
PINKY,-0.51,0.764,0.393,Away from you,0.563,0.104,0.54,0.617,T
RING,-0.706,0.69,0.714,Towards you,-0.032,-0.334,0.349,0.875,T
MIDDLE,-0.338,0.462,0.729,Up,-0.459,-0.255,0.083,0.847,T
THUMB,-0.458,-0.746,0.624,Towards you,0.159,-0.318,-0.337,0.872,T
INDEX,-0.443,0.108,0.564,Up,-0.907,-0.109,-0.184,0.364,T
PALM,0.563,-0.209,-0.886,Down,-0.3,0.182,0.935,-0.054,T
PINKY,-0.593,0.68,0.296,Left,0.536,0.018,0.586,0.607,T
RING,-0.708,0.643,0.403,Towards you,-0.036,-0.427,0.33,0.841,T
MIDDLE,-0.783,0.328,0.547,Towards you,-0.447,-0.476,-0.068,0.754,T
THUMB,-0.523,-0.694,0.559,Towards you,0.115,-0.341,-0.344,0.867,T
INDEX,-0.623,0.03,0.624,Up,-0.888,-0.131,-0.288,0.334,T
PALM,0.531,-0.215,-0.91,Down,-0.277,0.19,0.941,-0.044,T
PINKY,-0.671,0.647,0.123,Left,0.498,-0.046,0.626,0.598,T
RING,-0.804,0.56,0.197,Towards you,-0.037,-0.536,0.321,0.78,T
MIDDLE,-0.999,0.299,0.207,Right,-0.4,-0.609,-0.171,0.663,T
THUMB,-0.551,-0.705,0.55,Towards you,0.089,-0.349,-0.335,0.871,T
INDEX,-0.654,0.077,0.529,Up,-0.872,-0.158,-0.321,0.334,T
PALM,0.496,-0.243,-0.918,Down,-0.264,0.204,0.941,-0.049,T
PINKY,-0.655,0.658,0.098,Left,0.467,-0.071,0.634,0.611,T
RING,-0.705,0.489,-0.077,Towards you,-0.043,-0.573,0.312,0.757,T
MIDDLE,-0.852,0.207,0.064,Right,-0.396,-0.621,-0.212,0.642,T
THUMB,-0.511,-0.713,0.566,Towards you,0.1,-0.321,-0.339,0.878,T
INDEX,-0.596,0.021,0.641,Up,-0.895,-0.095,-0.317,0.3,T
PALM,0.524,-0.25,-0.882,Down,-0.276,0.209,0.937,-0.053,T
PINKY,-0.678,0.619,-0.254,Left,0.33,-0.202,0.743,0.546,T
RING,-0.797,0.404,-0.411,Towards you,-0.057,-0.792,0.263,0.548,T
MIDDLE,-0.759,0.158,-0.283,Right,-0.346,-0.721,-0.292,0.524,T
THUMB,-0.476,-0.717,0.589,Towards you,0.108,-0.304,-0.354,0.878,T
INDEX,-0.561,0.022,0.615,Up,-0.9,-0.097,-0.301,0.299,T
PALM,0.525,-0.309,-0.905,Down,-0.29,0.22,0.93,-0.051,T
PINKY,-0.537,0.396,-0.692,Left,0.213,-0.351,0.794,0.449,T
RING,-0.758,0.279,-0.707,Down,-0.078,-0.913,0.162,0.365,T
MIDDLE,-0.647,0.156,-0.718,Right,-0.276,-0.796,-0.447,0.302,T
THUMB,-0.419,-0.791,0.633,Right,0.118,-0.266,-0.389,0.874,T
INDEX,-0.518,0.023,0.649,Up,-0.903,-0.106,-0.289,0.299,T
PALM,0.586,-0.276,-0.848,Down,-0.322,0.209,0.922,-0.038,T
PINKY,-0.487,0.393,-0.854,Down,0.094,-0.489,0.801,0.333,T
RING,-0.245,0.247,-0.899,Down,-0.116,-0.969,0.094,0.199,T
MIDDLE,-0.498,0.229,-0.819,Down,-0.237,-0.813,-0.505,0.167,T
THUMB,-0.429,-0.77,0.511,Right,0.069,-0.277,-0.402,0.87,T
INDEX,-0.609,0.054,0.646,Up,-0.89,-0.142,-0.301,0.311,T
PALM,0.516,-0.25,-0.921,Down,-0.292,0.221,0.93,-0.04,T
PINKY,-0.417,0.341,-0.87,Down,0.065,-0.512,0.801,0.303,T
RING,-0.246,0.222,-0.917,Down,-0.117,-0.977,0.082,0.16,T
MIDDLE,-0.444,0.196,-0.845,Down,-0.223,-0.812,-0.521,0.139,T
THUMB,-0.484,-0.759,0.494,Right,0.062,-0.297,-0.392,0.868,T
INDEX,-0.63,0.079,0.586,Up,-0.882,-0.15,-0.329,0.302,T
PALM,0.533,-0.249,-0.883,Down,-0.288,0.229,0.929,-0.035,T
PINKY,-0.402,0.345,-0.861,Down,0.055,-0.52,0.8,0.295,T
RING,-0.224,0.183,-0.928,Down,-0.119,-0.979,0.08,0.149,T
MIDDLE,-0.421,0.198,-0.874,Down,-0.218,-0.814,-0.523,0.131,T
THUMB,-0.508,-0.701,0.526,Right,0.045,-0.308,-0.381,0.87,T
INDEX,-0.632,0.049,0.576,Up,-0.879,-0.145,-0.352,0.286,T
PALM,0.488,-0.235,-0.915,Down,-0.275,0.262,0.925,-0.031,T
PINKY,-0.366,0.332,-0.899,Down,0.049,-0.504,0.816,0.277,T
RING,-0.202,0.207,-0.965,Down,-0.114,-0.979,0.106,0.129,T
MIDDLE,-0.402,0.23,-0.894,Down,-0.202,-0.83,-0.506,0.119,T
THUMB,-0.546,-0.642,0.553,Towards you,0.049,-0.335,-0.36,0.869,T
INDEX,-0.696,0.063,0.573,Up,-0.865,-0.157,-0.367,0.303,T
PALM,0.53,-0.215,-0.939,Down,-0.263,0.295,0.918,-0.015,T
PINKY,-0.456,0.244,-0.899,Down,0.069,-0.51,0.814,0.27,T
RING,-0.284,0.09,-0.92,Down,-0.086,-0.981,0.097,0.142,T
MIDDLE,-0.448,0.146,-0.856,Down,-0.186,-0.823,-0.515,0.149,T
THUMB,-0.575,-0.7,0.452,Towards you,0.074,-0.377,-0.377,0.843,T
INDEX,-0.731,-0.019,0.529,Up,-0.849,-0.127,-0.387,0.336,T
PALM,0.429,-0.156,-0.943,Down,-0.23,0.324,0.917,0.029,T
PINKY,-0.277,0.102,-0.899,Down,0.1,-0.507,0.833,0.196,T
RING,-0.121,-0.001,-1.0,Down,-0.019,-0.987,0.132,0.088,T
MIDDLE,-0.282,0.078,-0.922,Down,-0.107,-0.852,-0.498,0.121,T
THUMB,-0.678,-0.657,0.358,Towards you,0.074,-0.451,-0.331,0.825,T
INDEX,-0.796,-0.064,0.41,Away from you,-0.808,-0.143,-0.45,0.353,T
PALM,0.329,-0.151,-1.004,Down,-0.171,0.363,0.915,0.034,T
PINKY,-0.33,0.077,-0.945,Down,0.091,-0.51,0.838,0.171,T
RING,-0.123,-0.019,-0.961,Down,-0.014,-0.988,0.132,0.077,T
MIDDLE,-0.321,0.025,-0.926,Down,-0.101,-0.85,-0.504,0.117,T
THUMB,-0.718,-0.657,0.367,Towards you,0.083,-0.468,-0.329,0.816,T
INDEX,-0.76,-0.095,0.406,Away from you,-0.803,-0.139,-0.46,0.352,T
PALM,0.31,-0.091,-1.004,Down,-0.162,0.371,0.913,0.042,T
PINKY,-0.365,0.058,-0.963,Down,0.086,-0.521,0.833,0.166,T
RING,-0.119,-0.036,-0.986,Down,-0.014,-0.99,0.122,0.064,T
MIDDLE,-0.28,0.047,-0.956,Down,-0.093,-0.846,-0.514,0.105,T
THUMB,-0.74,-0.615,0.34,Towards you,0.066,-0.474,-0.327,0.815,T
INDEX,-0.813,-0.087,0.382,Away from you,-0.798,-0.137,-0.482,0.336,T
PALM,0.274,-0.078,-1.002,Down,-0.145,0.369,0.917,0.039,T
PINKY,-0.316,0.091,-0.972,Down,0.076,-0.546,0.819,0.157,T
RING,-0.114,-0.054,-0.978,Down,-0.012,-0.994,0.095,0.052,T
MIDDLE,-0.266,0.032,-0.956,Down,-0.091,-0.83,-0.542,0.095,T
THUMB,-0.743,-0.626,0.334,Towards you,0.042,-0.47,-0.34,0.814,T
INDEX,-0.786,-0.118,0.369,Away from you,-0.802,-0.12,-0.497,0.308,T
PALM,0.283,-0.07,-0.997,Down,-0.138,0.353,0.925,0.041,U
PINKY,-0.303,0.051,-0.975,Down,0.07,-0.571,0.805,0.147,U
RING,-0.062,-0.077,-0.973,Down,-0.005,-0.997,0.074,0.037,U
MIDDLE,-0.214,0.028,-0.989,Down,-0.075,-0.823,-0.558,0.08,U
THUMB,-0.734,-0.596,0.251,Towards you,0.02,-0.48,-0.336,0.81,U
INDEX,-0.839,-0.118,0.326,Away from you,-0.791,-0.115,-0.523,0.298,U
PALM,0.219,-0.054,-1.019,Down,-0.111,0.368,0.922,0.045,U
PINKY,-0.318,-0.071,-0.994,Down,0.099,-0.555,0.819,0.103,U
RING,-0.026,-0.172,-0.979,Down,0.062,-0.991,0.119,0.023,U
MIDDLE,-0.184,-0.168,-0.988,Down,0.005,-0.848,-0.518,0.109,U
THUMB,-0.896,-0.522,0.205,Towards you,0.065,-0.569,-0.333,0.749,U
INDEX,-0.859,-0.277,0.259,Away from you,-0.732,-0.072,-0.559,0.383,U
PALM,0.168,0.119,-1.069,Down,-0.059,0.421,0.898,0.117,U
PINKY,-0.334,-0.18,-1.034,Down,0.107,-0.567,0.812,0.083,U
RING,-0.016,-0.135,-0.962,Down,0.057,-0.994,0.089,0.011,U
MIDDLE,-0.159,-0.066,-0.978,Down,-0.011,-0.83,-0.551,0.087,U
THUMB,-0.77,-0.576,0.186,Towards you,0.017,-0.524,-0.336,0.782,U
INDEX,-0.868,-0.093,0.263,Away from you,-0.766,-0.09,-0.56,0.303,U
PALM,0.182,-0.012,-1.034,Down,-0.082,0.384,0.918,0.062,U
PINKY,-0.277,-0.026,-0.963,Down,0.067,-0.592,0.795,0.11,U
RING,0.002,-0.118,-0.976,Down,0.016,-0.998,0.059,0.006,U
MIDDLE,-0.174,-0.031,-0.987,Down,-0.051,-0.813,-0.577,0.057,U
THUMB,-0.805,-0.528,0.298,Towards you,-0.002,-0.494,-0.328,0.805,U
INDEX,-0.904,-0.077,0.277,Away from you,-0.776,-0.109,-0.559,0.27,U
PALM,0.147,-0.071,-1.038,Down,-0.089,0.388,0.917,0.031,U
MIDDLE,-0.545,0.156,-0.812,Down,-0.257,-0.718,-0.629,0.151,U
THUMB,-0.44,-0.798,0.456,Right,0.101,-0.302,-0.431,0.844,U
INDEX,-0.566,0.048,0.657,Up,-0.936,-0.056,-0.316,0.148,U
PALM,0.596,-0.193,-0.855,Down,-0.298,0.555,0.768,0.118,U
PINKY,-0.501,0.322,-0.799,Down,0.025,-0.656,0.677,0.332,U
RING,-0.341,0.183,-0.901,Down,-0.131,-0.974,-0.027,0.181,U
MIDDLE,-0.547,0.163,-0.812,Down,-0.257,-0.715,-0.633,0.149,U
THUMB,-0.411,-0.812,0.439,Right,0.1,-0.302,-0.431,0.844,U
INDEX,-0.58,0.033,0.661,Up,-0.936,-0.054,-0.317,0.143,U
PALM,0.592,-0.193,-0.863,Down,-0.296,0.566,0.76,0.123,U
PINKY,-0.492,0.309,-0.804,Down,0.022,-0.662,0.671,0.333,U
RING,-0.355,0.178,-0.899,Down,-0.132,-0.974,-0.031,0.181,U
MIDDLE,-0.543,0.183,-0.807,Down,-0.258,-0.713,-0.635,0.148,U
THUMB,-0.443,-0.812,0.444,Right,0.101,-0.303,-0.43,0.845,U
INDEX,-0.563,0.026,0.657,Up,-0.936,-0.053,-0.318,0.14,U
PALM,0.599,-0.199,-0.845,Down,-0.294,0.578,0.75,0.128,U
PINKY,-0.504,0.318,-0.816,Down,0.018,-0.667,0.666,0.332,U
RING,-0.336,0.181,-0.886,Down,-0.134,-0.974,-0.035,0.18,U
MIDDLE,-0.549,0.178,-0.811,Down,-0.259,-0.71,-0.638,0.147,U
THUMB,-0.42,-0.801,0.459,Right,0.102,-0.302,-0.43,0.845,U
INDEX,-0.566,0.039,0.655,Up,-0.937,-0.052,-0.316,0.136,U
PALM,0.599,-0.165,-0.858,Down,-0.292,0.589,0.742,0.132,U
PINKY,-0.489,0.311,-0.805,Down,0.015,-0.674,0.659,0.333,U
RING,-0.355,0.177,-0.881,Down,-0.134,-0.973,-0.041,0.181,U
MIDDLE,-0.548,0.157,-0.811,Down,-0.261,-0.705,-0.643,0.148,U
THUMB,-0.422,-0.818,0.444,Right,0.102,-0.301,-0.432,0.844,U
INDEX,-0.598,0.066,0.693,Up,-0.939,-0.047,-0.315,0.129,U
PALM,0.604,-0.163,-0.828,Down,-0.295,0.597,0.732,0.142,U
PINKY,-0.585,0.35,-0.676,Down,0.045,-0.65,0.642,0.405,U
RING,-0.719,0.159,-0.664,Down,-0.138,-0.932,-0.018,0.335,U
MIDDLE,-0.809,0.16,-0.458,Right,-0.389,-0.651,-0.562,0.329,U
THUMB,-0.145,-0.848,0.409,Right,0.192,-0.221,-0.477,0.828,U
INDEX,-0.33,-0.046,0.817,Up,-0.974,0.007,-0.189,0.124,U
PALM,0.79,-0.137,-0.718,Left,-0.366,0.579,0.693,0.223,U
PINKY,-0.768,0.603,-0.079,Left,0.145,-0.422,0.616,0.648,U
RING,-0.836,0.375,-0.136,Towards you,-0.192,-0.752,0.126,0.618,U
MIDDLE,-0.941,0.29,0.521,Right,-0.594,-0.471,-0.276,0.591,U
THUMB,0.069,-0.854,0.512,Right,0.306,-0.152,-0.479,0.808,U
INDEX,0.159,0.042,0.928,Up,-0.981,0.029,0.064,0.179,U
PALM,0.941,-0.161,-0.429,Left,-0.448,0.585,0.6,0.311,U
PINKY,-0.522,0.709,0.323,Left,0.186,-0.2,0.554,0.787,U
RING,-0.696,0.599,0.283,Towards you,-0.24,-0.531,0.233,0.778,U
MIDDLE,0.332,0.442,0.935,Up,-0.642,-0.009,0.27,0.718,U
THUMB,0.228,-0.836,0.534,Right,0.365,-0.085,-0.476,0.795,U
INDEX,0.605,-0.046,0.664,Up,-0.922,0.091,0.314,0.205,U
PALM,0.961,-0.199,-0.396,Left,-0.466,0.591,0.562,0.342,U
PINKY,-0.453,0.741,0.52,Left,0.217,-0.096,0.476,0.847,U
RING,-0.575,0.555,0.672,Towards you,-0.235,-0.389,0.235,0.859,U
MIDDLE,0.933,0.34,0.195,Left,-0.532,0.354,0.439,0.631,U
THUMB,0.371,-0.866,0.461,Right,0.463,-0.103,-0.513,0.716,U
INDEX,0.768,0.203,0.529,Towards you,-0.812,0.1,0.442,0.368,U
PALM,1.029,0.013,-0.226,Left,-0.406,0.616,0.471,0.483,U
PINKY,-0.501,0.67,0.617,Left,0.356,-0.103,0.438,0.819,U
RING,-0.659,0.415,0.631,Towards you,-0.058,-0.367,0.205,0.905,U
MIDDLE,0.932,-0.1,0.384,Left,-0.449,0.477,0.284,0.7,U
THUMB,0.446,-0.835,0.461,Towards you,0.605,-0.15,-0.517,0.586,U
INDEX,0.892,0.174,0.247,Left,-0.665,0.207,0.539,0.474,U
PALM,1.036,0.05,-0.162,Left,-0.31,0.657,0.379,0.573,U
PINKY,-0.487,0.524,0.542,Left,0.44,-0.103,0.422,0.786,U
RING,-0.721,0.356,0.744,Up,0.035,-0.347,0.189,0.918,U
MIDDLE,0.884,-0.107,0.447,Left,-0.41,0.452,0.169,0.774,U
THUMB,0.552,-0.853,0.391,Towards you,0.651,-0.165,-0.526,0.522,U
INDEX,0.948,0.144,0.032,Left,-0.606,0.285,0.554,0.494,U
PALM,1.008,0.054,-0.21,Left,-0.268,0.665,0.345,0.605,U
PINKY,-0.561,0.489,0.57,Left,0.469,-0.127,0.426,0.763,U
RING,-0.627,0.393,0.66,Towards you,0.072,-0.375,0.194,0.904,U
MIDDLE,0.911,0.03,0.422,Away from you,-0.365,0.493,0.163,0.773,U
THUMB,0.545,-0.734,0.435,Towards you,0.661,-0.186,-0.501,0.526,U
INDEX,0.801,0.105,0.535,Left,-0.654,0.265,0.448,0.549,U
PALM,1.008,0.075,-0.301,Left,-0.244,0.712,0.324,0.574,U
PINKY,-0.647,0.492,0.527,Left,0.466,-0.149,0.434,0.756,U
RING,-0.886,0.229,0.566,Towards you,0.059,-0.44,0.166,0.881,U
MIDDLE,0.849,-0.223,0.525,Left,-0.413,0.453,0.173,0.771,U
THUMB,0.32,-0.958,0.388,Towards you,0.603,-0.241,-0.516,0.558,U
INDEX,0.704,0.009,0.566,Left,-0.709,0.274,0.363,0.539,U
PALM,0.982,0.049,-0.324,Left,-0.218,0.724,0.358,0.547,U
PINKY,-0.724,0.551,0.478,Left,0.458,-0.198,0.45,0.741,U
RING,-0.883,0.187,0.468,Towards you,0.07,-0.479,0.16,0.861,U
MIDDLE,0.831,-0.007,0.564,Left,-0.405,0.449,0.146,0.783,U
THUMB,0.376,-0.823,0.338,Towards you,0.61,-0.263,-0.523,0.534,U
INDEX,0.544,0.049,0.715,Up,-0.683,0.232,0.283,0.632,U
PALM,0.979,0.22,-0.307,Away from you,-0.17,0.722,0.334,0.582,U
PINKY,-0.601,0.376,0.499,Left,0.497,-0.214,0.411,0.733,U
RING,-0.925,0.129,0.473,Towards you,0.108,-0.473,0.126,0.865,U
MIDDLE,0.732,-0.279,0.69,Away from you,-0.381,0.434,0.045,0.815,U
THUMB,0.44,-0.926,0.251,Towards you,0.63,-0.285,-0.544,0.475,U
INDEX,0.733,0.223,0.532,Left,-0.598,0.236,0.394,0.657,U
PALM,0.991,0.212,-0.219,Away from you,-0.129,0.712,0.312,0.616,U
PINKY,-0.757,0.337,0.481,Left,0.503,-0.241,0.42,0.716,U
RING,-0.845,0.186,0.469,Towards you,0.123,-0.492,0.134,0.851,U
MIDDLE,0.716,-0.255,0.665,Away from you,-0.366,0.404,-0.002,0.838,U
THUMB,0.506,-0.853,0.301,Towards you,0.657,-0.288,-0.545,0.434,U
INDEX,0.893,0.09,0.312,Left,-0.546,0.37,0.45,0.602,U
PALM,0.98,0.253,-0.248,Away from you,-0.103,0.709,0.266,0.645,U
PINKY,-0.676,0.335,0.566,Left,0.533,-0.221,0.386,0.719,U
RING,-0.86,0.106,0.5,Towards you,0.142,-0.48,0.139,0.855,U
MIDDLE,0.763,-0.26,0.658,Away from you,-0.357,0.419,0.049,0.833,U
THUMB,0.602,-0.81,0.197,Towards you,0.678,-0.272,-0.554,0.398,U
INDEX,0.869,0.182,0.263,Left,-0.546,0.363,0.456,0.602,U
PALM,1.007,0.164,-0.142,Away from you,-0.099,0.7,0.223,0.671,U
PINKY,-0.648,0.408,0.569,Left,0.528,-0.203,0.396,0.723,U
RING,-0.84,0.183,0.502,Towards you,0.141,-0.475,0.172,0.852,U
MIDDLE,0.761,-0.126,0.646,Away from you,-0.317,0.45,0.057,0.833,U
THUMB,0.611,-0.81,0.266,Towards you,0.705,-0.266,-0.538,0.379,U
INDEX,0.917,0.146,0.264,Left,-0.516,0.387,0.459,0.611,U
PALM,1.015,0.179,-0.139,Away from you,-0.09,0.698,0.188,0.685,U
PINKY,-0.633,0.425,0.569,Left,0.519,-0.194,0.386,0.737,U
RING,-0.828,0.216,0.509,Towards you,0.129,-0.472,0.185,0.852,U
MIDDLE,0.865,-0.185,0.549,Away from you,-0.306,0.506,0.084,0.802,U
THUMB,0.685,-0.756,0.258,Towards you,0.717,-0.252,-0.552,0.343,U
INDEX,0.974,0.196,0.129,Left,-0.474,0.414,0.536,0.563,U
PALM,1.038,0.167,-0.043,Away from you,-0.082,0.671,0.16,0.719,U
PINKY,-0.562,0.312,0.757,Left,0.51,-0.17,0.351,0.767,U
RING,-0.83,0.295,0.557,Towards you,0.116,-0.445,0.187,0.868,U
MIDDLE,0.98,-0.185,0.168,Away from you,-0.3,0.602,0.109,0.732,U
THUMB,0.639,-0.725,0.378,Towards you,0.734,-0.226,-0.553,0.322,U
INDEX,0.966,0.291,0.012,Left,-0.437,0.434,0.585,0.529,U
PALM,1.036,0.109,0.031,Away from you,-0.086,0.664,0.13,0.731,U
PINKY,-0.53,0.453,0.65,Left,0.488,-0.149,0.361,0.781,U
RING,-0.771,0.316,0.517,Towards you,0.093,-0.436,0.2,0.872,U
MIDDLE,0.953,-0.112,0.283,Away from you,-0.296,0.59,0.142,0.737,U
THUMB,0.734,-0.614,0.31,Towards you,0.737,-0.21,-0.55,0.333,U
INDEX,0.975,0.272,-0.011,Left,-0.457,0.408,0.591,0.525,U
PALM,1.031,0.136,0.048,Away from you,-0.093,0.664,0.135,0.729,U
PINKY,-0.59,0.425,0.618,Left,0.458,-0.179,0.36,0.793,U
RING,-0.831,0.305,0.468,Towards you,0.07,-0.46,0.181,0.866,V
MIDDLE,0.974,-0.173,0.286,Away from you,-0.315,0.567,0.153,0.746,V
THUMB,0.668,-0.672,0.421,Towards you,0.772,-0.211,-0.512,0.311,V
INDEX,0.956,0.293,0.044,Left,-0.466,0.4,0.584,0.53,V
PALM,1.045,0.14,0.028,Away from you,-0.086,0.673,0.131,0.723,V
PINKY,-0.598,0.468,0.631,Left,0.439,-0.192,0.358,0.801,V
RING,-0.825,0.268,0.482,Towards you,0.057,-0.467,0.173,0.865,V
MIDDLE,0.958,-0.138,0.298,Away from you,-0.319,0.56,0.155,0.749,V
THUMB,0.663,-0.712,0.421,Towards you,0.766,-0.21,-0.517,0.318,V
INDEX,0.971,0.269,0.006,Left,-0.47,0.398,0.58,0.534,V
PALM,1.028,0.129,-0.003,Away from you,-0.082,0.674,0.13,0.722,V
PINKY,-0.581,0.431,0.625,Left,0.422,-0.207,0.355,0.808,V
RING,-0.857,0.273,0.469,Towards you,0.043,-0.475,0.163,0.863,V
MIDDLE,0.949,-0.125,0.345,Away from you,-0.32,0.551,0.156,0.754,V
THUMB,0.682,-0.673,0.396,Towards you,0.766,-0.208,-0.518,0.319,V
INDEX,0.959,0.27,0.098,Left,-0.472,0.394,0.577,0.537,V
PALM,1.03,0.135,-0.003,Away from you,-0.077,0.677,0.127,0.721,V
PINKY,-0.588,0.44,0.616,Left,0.403,-0.221,0.352,0.816,V
RING,-0.822,0.253,0.457,Towards you,0.031,-0.482,0.154,0.862,V
MIDDLE,0.937,-0.101,0.37,Away from you,-0.325,0.546,0.161,0.755,V
THUMB,0.695,-0.662,0.394,Towards you,0.773,-0.203,-0.514,0.312,V
INDEX,0.956,0.273,0.108,Left,-0.476,0.392,0.575,0.538,V
PALM,1.039,0.122,0.012,Away from you,-0.068,0.678,0.12,0.722,V
PINKY,-0.625,0.453,0.61,Left,0.386,-0.232,0.351,0.821,V
RING,-0.823,0.268,0.444,Towards you,0.021,-0.489,0.149,0.859,V
MIDDLE,0.907,-0.076,0.456,Away from you,-0.286,0.518,0.131,0.796,V
THUMB,0.695,-0.357,0.694,Towards you,0.869,-0.074,-0.408,0.269,V
INDEX,0.959,0.237,0.131,Left,-0.433,0.436,0.513,0.6,V
PALM,1.039,0.123,0.013,Away from you,0.073,0.691,-0.026,0.719,V
PINKY,-0.678,0.467,0.513,Left,0.118,-0.37,0.298,0.872,V
RING,-0.847,0.285,0.385,Towards you,-0.146,-0.548,0.067,0.821,V
MIDDLE,0.916,-0.08,0.406,Away from you,-0.281,0.524,0.127,0.794,V
THUMB,0.707,-0.366,0.685,Towards you,0.869,-0.07,-0.409,0.267,V
INDEX,0.952,0.25,0.147,Left,-0.428,0.442,0.512,0.6,V
PALM,1.034,0.11,-0.005,Away from you,0.081,0.689,-0.034,0.719,V
PINKY,-0.672,0.453,0.511,Towards you,0.102,-0.376,0.29,0.874,V
RING,-0.853,0.284,0.361,Towards you,-0.154,-0.55,0.059,0.819,V
MIDDLE,0.91,-0.073,0.432,Away from you,-0.279,0.521,0.124,0.797,V
THUMB,0.703,-0.384,0.702,Towards you,0.868,-0.071,-0.409,0.271,V
INDEX,0.954,0.247,0.104,Left,-0.427,0.443,0.507,0.604,V
PALM,1.032,0.111,0.006,Away from you,0.088,0.689,-0.039,0.718,V
PINKY,-0.68,0.455,0.502,Towards you,0.084,-0.384,0.282,0.875,V
RING,-0.869,0.292,0.349,Towards you,-0.164,-0.553,0.051,0.815,V
MIDDLE,0.917,-0.097,0.418,Away from you,-0.278,0.518,0.123,0.799,V
THUMB,0.702,-0.378,0.694,Towards you,0.867,-0.073,-0.41,0.274,V
INDEX,0.957,0.225,0.155,Left,-0.425,0.444,0.503,0.607,V
PALM,1.034,0.126,-0.01,Away from you,0.096,0.691,-0.044,0.715,V
PINKY,-0.646,0.461,0.507,Towards you,0.07,-0.391,0.275,0.875,V
MIDDLE,0.87,-0.067,0.521,Away from you,-0.267,0.498,0.118,0.817,V
THUMB,0.681,-0.374,0.7,Towards you,0.868,-0.073,-0.404,0.28,V
INDEX,0.906,-0.027,0.453,Left,-0.449,0.417,0.453,0.647,V
PALM,1.036,0.109,-0.013,Away from you,0.101,0.698,-0.056,0.707,V
PINKY,-0.679,0.476,0.57,Towards you,0.059,-0.384,0.268,0.882,V
RING,-0.779,0.262,0.3,Towards you,-0.181,-0.543,0.035,0.819,V
MIDDLE,0.885,-0.025,0.505,Away from you,-0.233,0.487,0.114,0.834,V
THUMB,0.673,-0.363,0.667,Towards you,0.86,-0.06,-0.405,0.306,V
INDEX,0.921,-0.154,0.361,Left,-0.488,0.429,0.367,0.666,V
PALM,1.034,0.126,-0.009,Away from you,0.088,0.697,-0.044,0.71,V
PINKY,-0.413,0.514,0.772,Up,-0.017,-0.24,0.234,0.942,V
RING,-0.469,0.295,0.818,Up,-0.255,-0.297,0.064,0.918,V
MIDDLE,0.909,-0.004,0.408,Away from you,-0.237,0.502,0.127,0.822,V
THUMB,0.624,-0.611,0.584,Towards you,0.784,-0.114,-0.441,0.421,V
INDEX,0.88,-0.17,0.38,Left,-0.516,0.506,0.289,0.628,V
PALM,1.03,0.097,-0.074,Away from you,0.055,0.715,-0.011,0.697,V
PINKY,-0.054,0.42,0.908,Up,-0.062,-0.047,0.183,0.98,V
RING,-0.094,0.286,0.935,Up,-0.302,-0.103,0.088,0.944,V
MIDDLE,0.933,-0.04,0.388,Away from you,-0.237,0.513,0.135,0.814,V
THUMB,0.601,-0.796,0.349,Towards you,0.642,-0.133,-0.549,0.518,V
INDEX,0.923,-0.404,0.138,Left,-0.531,0.607,0.251,0.536,V
PALM,-0.0,-0.0,-0.0,Away from you,0.038,0.741,-0.011,0.67,V
PINKY,-0.211,0.434,0.822,Up,-0.081,-0.132,0.176,0.972,V
RING,-0.654,0.365,0.911,Up,-0.268,-0.316,0.045,0.909,V
MIDDLE,-0.548,-0.01,0.67,Up,-0.123,-0.323,-0.034,0.938,V
THUMB,0.608,-0.811,0.14,Towards you,0.549,-0.121,-0.64,0.524,V
INDEX,-0.345,-0.238,0.615,Up,-0.657,0.015,-0.204,0.726,V
PALM,1.014,0.094,-0.117,Away from you,0.068,0.72,-0.022,0.69,V
PINKY,-0.662,0.386,0.564,Towards you,-0.041,-0.401,0.168,0.899,V
RING,-0.946,0.162,0.425,Towards you,-0.173,-0.535,-0.059,0.825,V
MIDDLE,-0.809,-0.183,0.452,Towards you,-0.099,-0.503,-0.181,0.839,V
THUMB,0.642,-0.85,-0.09,Towards you,0.516,-0.146,-0.702,0.469,V
INDEX,-0.69,-0.282,0.412,Right,-0.589,-0.152,-0.427,0.669,V
PALM,1.002,0.101,0.031,Away from you,0.116,0.668,-0.044,0.733,V
PINKY,-0.687,0.361,0.519,Towards you,-0.032,-0.402,0.158,0.901,V
RING,-0.932,0.121,0.358,Towards you,-0.155,-0.555,-0.059,0.815,V
MIDDLE,-0.847,-0.17,0.269,Towards you,-0.068,-0.57,-0.156,0.804,V
THUMB,0.616,-0.856,-0.078,Towards you,0.529,-0.18,-0.701,0.443,V
INDEX,-0.928,-0.21,0.181,Right,-0.546,-0.271,-0.478,0.633,V
PALM,1.015,0.176,0.038,Away from you,0.14,0.669,-0.047,0.729,V
PINKY,-0.812,0.354,0.405,Towards you,-0.031,-0.496,0.155,0.854,V
RING,-0.885,0.088,0.194,Towards you,-0.138,-0.609,-0.082,0.777,V
MIDDLE,-0.946,-0.225,0.265,Towards you,-0.068,-0.593,-0.185,0.781,V
THUMB,0.573,-0.852,-0.089,Towards you,0.536,-0.225,-0.691,0.43,V
INDEX,-0.867,-0.25,0.185,Right,-0.535,-0.277,-0.509,0.615,V
PALM,1.024,0.127,0.116,Away from you,0.158,0.659,-0.065,0.733,V
PINKY,-0.761,0.368,0.449,Towards you,-0.048,-0.472,0.159,0.866,V
RING,-0.872,0.108,0.249,Towards you,-0.15,-0.589,-0.072,0.791,V
MIDDLE,-0.901,-0.208,0.308,Towards you,-0.075,-0.569,-0.184,0.798,V
THUMB,0.495,-0.87,0.083,Towards you,0.594,-0.282,-0.633,0.408,V
INDEX,-0.913,-0.307,0.163,Right,-0.529,-0.286,-0.523,0.604,V
PALM,1.022,0.15,0.074,Away from you,0.169,0.659,-0.083,0.728,V
PINKY,-0.738,0.358,0.488,Towards you,-0.061,-0.463,0.15,0.871,V
RING,-0.915,0.08,0.296,Towards you,-0.153,-0.579,-0.076,0.797,V
MIDDLE,-0.895,-0.21,0.288,Towards you,-0.07,-0.566,-0.196,0.798,V
THUMB,0.509,-0.85,0.244,Towards you,0.654,-0.277,-0.57,0.412,V
INDEX,-0.877,-0.3,0.127,Right,-0.52,-0.282,-0.552,0.587,V
PALM,1.024,0.173,0.027,Away from you,0.173,0.67,-0.088,0.716,V
PINKY,-0.767,0.35,0.448,Towards you,-0.078,-0.489,0.138,0.858,V
RING,-0.942,0.076,0.262,Towards you,-0.159,-0.594,-0.09,0.783,V
MIDDLE,-0.924,-0.212,0.279,Towards you,-0.074,-0.576,-0.202,0.788,V
THUMB,0.554,-0.834,0.23,Towards you,0.662,-0.268,-0.558,0.424,V
INDEX,-0.889,-0.334,0.131,Right,-0.527,-0.273,-0.568,0.57,V
PALM,1.026,0.172,0.031,Away from you,0.173,0.673,-0.088,0.714,V
PINKY,-0.778,0.37,0.412,Towards you,-0.109,-0.497,0.123,0.852,V
RING,-0.95,0.055,0.225,Towards you,-0.182,-0.596,-0.109,0.775,V
MIDDLE,-0.907,-0.197,0.249,Towards you,-0.094,-0.578,-0.217,0.781,V
THUMB,0.503,-0.867,0.251,Towards you,0.65,-0.262,-0.557,0.445,V
INDEX,-0.882,-0.333,0.11,Right,-0.541,-0.265,-0.588,0.54,V
PALM,1.025,0.182,-0.008,Away from you,0.163,0.685,-0.08,0.706,V
PINKY,-0.78,0.328,0.433,Towards you,-0.137,-0.513,0.097,0.842,V
RING,-0.922,0.047,0.242,Towards you,-0.202,-0.594,-0.135,0.767,V
MIDDLE,-0.93,-0.203,0.253,Towards you,-0.11,-0.573,-0.236,0.777,V
THUMB,0.528,-0.856,0.207,Towards you,0.63,-0.253,-0.574,0.459,V
INDEX,-0.895,-0.324,0.113,Right,-0.558,-0.246,-0.6,0.519,V
PALM,1.026,0.168,0.007,Away from you,0.156,0.686,-0.07,0.707,V
PINKY,-0.786,0.324,0.432,Towards you,-0.176,-0.509,0.079,0.839,V
RING,-0.93,0.073,0.257,Towards you,-0.238,-0.58,-0.148,0.765,V
MIDDLE,-0.916,-0.193,0.277,Towards you,-0.14,-0.555,-0.242,0.783,V
THUMB,0.514,-0.863,0.208,Towards you,0.605,-0.231,-0.595,0.476,V
INDEX,-0.873,-0.295,0.12,Right,-0.583,-0.226,-0.601,0.497,V
PALM,1.031,0.157,-0.001,Away from you,0.149,0.688,-0.068,0.707,V
PINKY,-0.762,0.315,0.453,Towards you,-0.204,-0.502,0.062,0.838,V
RING,-0.93,0.087,0.264,Towards you,-0.258,-0.568,-0.157,0.765,V
MIDDLE,-0.944,-0.195,0.295,Towards you,-0.154,-0.543,-0.249,0.787,V
THUMB,0.511,-0.847,0.149,Towards you,0.588,-0.223,-0.609,0.484,V
INDEX,-0.891,-0.321,0.142,Right,-0.593,-0.207,-0.608,0.485,V
PALM,1.022,0.194,0.016,Away from you,0.156,0.689,-0.063,0.705,V
PINKY,-0.768,0.317,0.479,Towards you,-0.223,-0.501,0.039,0.835,V
RING,-0.904,0.049,0.308,Towards you,-0.268,-0.557,-0.172,0.767,V
MIDDLE,-0.869,-0.239,0.306,Towards you,-0.155,-0.534,-0.26,0.79,V
THUMB,0.498,-0.893,0.132,Towards you,0.576,-0.22,-0.62,0.485,V
INDEX,-0.867,-0.343,0.111,Right,-0.596,-0.19,-0.618,0.476,V
PALM,1.022,0.209,-0.079,Away from you,0.16,0.695,-0.058,0.699,V
PINKY,-0.766,0.333,0.472,Towards you,-0.244,-0.504,0.025,0.828,V
RING,-0.921,0.077,0.307,Towards you,-0.284,-0.555,-0.181,0.76,V
MIDDLE,-0.892,-0.209,0.328,Towards you,-0.166,-0.532,-0.261,0.788,V
THUMB,0.508,-0.885,0.17,Towards you,0.577,-0.212,-0.617,0.491,V
INDEX,-0.875,-0.355,0.139,Right,-0.608,-0.183,-0.616,0.466,V
PALM,1.025,0.2,-0.019,Away from you,0.162,0.69,-0.067,0.702,V
PINKY,-0.757,0.344,0.476,Towards you,-0.272,-0.502,0.016,0.821,V
RING,-0.919,0.077,0.314,Towards you,-0.306,-0.551,-0.188,0.753,V
MIDDLE,-0.912,-0.199,0.309,Towards you,-0.182,-0.528,-0.265,0.786,W
THUMB,0.516,-0.882,0.14,Towards you,0.57,-0.203,-0.619,0.501,W
INDEX,-0.0,-0.0,-0.0,Right,-0.608,-0.183,-0.616,0.466,W
PALM,1.018,0.197,-0.026,Away from you,0.16,0.691,-0.069,0.702,W
PINKY,-0.765,0.347,0.473,Towards you,-0.294,-0.503,0.006,0.813,W
RING,-0.922,0.092,0.304,Towards you,-0.319,-0.55,-0.195,0.747,W
MIDDLE,-0.899,-0.172,0.319,Towards you,-0.19,-0.529,-0.266,0.783,W
THUMB,0.492,-0.904,0.173,Towards you,0.568,-0.201,-0.616,0.508,W
INDEX,-0.0,-0.0,-0.0,Right,-0.608,-0.183,-0.616,0.466,W
PALM,1.028,0.178,-0.012,Away from you,0.16,0.693,-0.077,0.699,W
PINKY,-0.79,0.345,0.442,Towards you,-0.315,-0.51,-0.004,0.801,W
RING,-0.903,0.093,0.277,Towards you,-0.332,-0.551,-0.204,0.738,W
MIDDLE,-0.909,-0.181,0.313,Towards you,-0.199,-0.528,-0.269,0.781,W
THUMB,0.506,-0.888,0.146,Towards you,0.558,-0.201,-0.618,0.515,W
INDEX,-0.0,-0.0,-0.0,Right,-0.608,-0.183,-0.616,0.466,W
PALM,1.027,0.163,-0.025,Away from you,0.16,0.695,-0.081,0.696,W
PINKY,-0.764,0.354,0.462,Towards you,-0.34,-0.503,-0.013,0.794,W
RING,-0.922,0.095,0.309,Right,-0.349,-0.543,-0.206,0.736,W
MIDDLE,-0.91,-0.175,0.328,Towards you,-0.207,-0.52,-0.267,0.784,W
PINKY,-0.834,0.352,0.287,Right,-0.709,-0.457,-0.375,0.384,W
RING,-0.944,0.133,-0.004,Right,-0.487,-0.582,-0.399,0.515,W
MIDDLE,-0.966,-0.084,0.092,Towards you,-0.082,-0.662,-0.137,0.732,W
THUMB,0.464,-0.728,0.592,Towards you,0.865,-0.325,-0.332,0.188,W
INDEX,-0.0,-0.0,-0.0,Away from you,-0.728,-0.131,-0.546,0.393,W
PALM,1.032,0.1,0.052,Towards you,0.707,0.235,-0.63,0.218,W
PINKY,-0.842,0.356,0.275,Right,-0.717,-0.449,-0.386,0.367,W
RING,-0.946,0.153,-0.012,Right,-0.493,-0.576,-0.408,0.507,W
MIDDLE,-0.965,-0.074,0.091,Towards you,-0.087,-0.662,-0.141,0.731,W
THUMB,0.471,-0.708,0.596,Towards you,0.865,-0.324,-0.332,0.191,W
INDEX,-0.0,-0.0,-0.0,Away from you,-0.728,-0.131,-0.546,0.393,W
PALM,1.031,0.114,0.057,Towards you,0.709,0.232,-0.631,0.213,W
PINKY,-0.834,0.354,0.288,Right,-0.726,-0.437,-0.399,0.351,W
RING,-0.949,0.148,-0.013,Right,-0.501,-0.568,-0.419,0.501,W
MIDDLE,-0.965,-0.077,0.094,Towards you,-0.092,-0.661,-0.149,0.73,W
THUMB,0.472,-0.721,0.588,Towards you,0.863,-0.324,-0.336,0.195,W
INDEX,-0.0,-0.0,-0.0,Away from you,-0.728,-0.131,-0.546,0.393,W
PALM,1.027,0.131,0.045,Towards you,0.71,0.229,-0.633,0.207,W
PINKY,-0.85,0.343,0.275,Right,-0.734,-0.425,-0.413,0.333,W
RING,-0.943,0.14,-0.006,Right,-0.508,-0.56,-0.432,0.493,W
MIDDLE,-0.975,-0.065,0.099,Towards you,-0.099,-0.659,-0.158,0.729,W
THUMB,0.471,-0.716,0.588,Towards you,0.86,-0.323,-0.34,0.202,W
INDEX,-0.0,-0.0,-0.0,Away from you,-0.728,-0.131,-0.546,0.393,W
PALM,1.032,0.125,0.066,Towards you,0.712,0.228,-0.633,0.203,W
PINKY,-0.841,0.35,0.278,Right,-0.743,-0.413,-0.424,0.313,W
RING,-0.941,0.133,-0.019,Right,-0.517,-0.55,-0.442,0.484,W
MIDDLE,-0.969,-0.086,0.093,Towards you,-0.107,-0.656,-0.167,0.729,W
THUMB,0.478,-0.732,0.575,Towards you,0.855,-0.32,-0.35,0.211,W
INDEX,-0.0,-0.0,-0.0,Away from you,-0.728,-0.131,-0.546,0.393,W
PALM,1.038,0.134,0.07,Towards you,0.713,0.226,-0.631,0.206,W
PINKY,-0.811,0.364,0.452,Right,-0.801,-0.378,-0.374,0.275,W
RING,-0.897,0.264,0.266,Right,-0.614,-0.48,-0.355,0.516,W
MIDDLE,-0.823,-0.033,0.516,Towards you,-0.186,-0.493,-0.126,0.84,W
THUMB,0.578,-0.842,0.261,Towards you,0.716,-0.29,-0.532,0.348,W
INDEX,-0.0,-0.0,-0.0,Away from you,-0.728,-0.131,-0.546,0.393,W
PALM,1.039,0.04,-0.035,Towards you,0.673,0.26,-0.639,0.265,W
PINKY,-0.328,0.559,0.695,Up,-0.923,-0.315,-0.171,0.143,W
RING,-0.381,0.264,0.855,Up,-0.815,-0.28,-0.11,0.494,W
MIDDLE,0.18,0.221,0.885,Up,-0.333,-0.004,0.064,0.941,W
THUMB,0.56,-0.768,0.514,Towards you,0.746,-0.185,-0.481,0.422,W
INDEX,0.792,-0.429,0.237,Left,-0.859,0.374,0.261,0.234,W
PALM,1.042,-0.048,-0.162,Right,0.615,0.285,-0.666,0.312,W
PINKY,-0.2,0.534,0.658,Up,-0.944,-0.285,-0.089,0.143,W
RING,-0.436,0.634,0.922,Up,-0.81,-0.312,0.004,0.497,W
MIDDLE,0.612,0.231,0.708,Up,-0.319,0.227,0.261,0.882,W
THUMB,0.938,-0.273,0.333,Towards you,0.79,-0.024,-0.572,0.219,W
INDEX,0.576,-0.651,0.478,Left,-0.833,0.447,0.184,0.27,W
PALM,1.059,0.012,-0.045,Towards you,0.669,0.234,-0.653,0.265,W
PINKY,-0.62,0.562,0.587,Right,-0.888,-0.336,-0.275,0.148,W
RING,-0.627,0.458,0.639,Right,-0.757,-0.39,-0.146,0.504,W
MIDDLE,-0.015,0.394,0.988,Up,-0.282,-0.006,0.186,0.941,W
THUMB,0.911,-0.422,0.148,Towards you,0.67,0.035,-0.653,0.351,W
INDEX,0.739,-0.544,0.344,Left,-0.813,0.442,0.293,0.242,W
PALM,1.08,0.117,0.057,Towards you,0.676,0.235,-0.653,0.248,W
PINKY,-0.699,0.473,0.539,Right,-0.876,-0.309,-0.336,0.154,W
RING,-0.534,0.301,0.594,Right,-0.763,-0.342,-0.188,0.515,W
MIDDLE,-0.566,0.289,0.955,Up,-0.27,-0.276,0.049,0.921,W
THUMB,0.922,-0.425,0.179,Towards you,0.687,-0.018,-0.677,0.262,W
INDEX,0.568,-0.646,0.426,Left,-0.806,0.483,0.188,0.287,W
PALM,1.034,0.054,0.075,Towards you,0.703,0.224,-0.638,0.221,W
PINKY,-0.59,0.442,0.545,Right,-0.88,-0.291,-0.349,0.139,W
RING,-0.683,0.376,0.65,Right,-0.759,-0.36,-0.217,0.497,W
MIDDLE,-0.561,0.153,0.586,Up,-0.277,-0.379,-0.02,0.883,W
THUMB,0.937,-0.469,0.052,Towards you,0.689,-0.096,-0.687,0.212,W
INDEX,0.564,-0.642,0.444,Left,-0.801,0.497,0.202,0.265,W
PALM,1.043,0.005,-0.057,Towards you,0.683,0.202,-0.667,0.217,W
PINKY,-0.664,0.606,0.501,Right,-0.862,-0.334,-0.375,0.071,W
RING,-0.601,0.652,0.491,Right,-0.761,-0.408,-0.241,0.443,W
MIDDLE,-0.597,0.171,0.687,Towards you,-0.33,-0.412,0.006,0.849,W
THUMB,0.853,-0.47,0.281,Towards you,0.743,-0.082,-0.61,0.265,W
INDEX,0.617,-0.555,0.573,Left,-0.835,0.413,0.32,0.172,W
PALM,1.054,0.015,-0.022,Towards you,0.655,0.234,-0.658,0.29,W
PINKY,-0.694,0.561,0.378,Away from you,-0.847,-0.315,-0.429,-0.007,W
RING,-0.761,0.419,0.507,Right,-0.783,-0.396,-0.293,0.38,W
MIDDLE,-0.724,0.36,0.591,Towards you,-0.354,-0.44,0.009,0.825,W
THUMB,0.843,-0.53,0.339,Towards you,0.755,-0.116,-0.583,0.276,W
INDEX,0.643,-0.422,0.553,Left,-0.843,0.4,0.319,0.168,W
PALM,1.038,0.035,-0.091,Towards you,0.645,0.23,-0.676,0.272,W
PINKY,-0.62,0.598,0.374,Away from you,-0.84,-0.31,-0.444,-0.02,W
RING,-0.727,0.481,0.491,Right,-0.779,-0.405,-0.296,0.376,W
MIDDLE,-0.695,0.355,0.56,Towards you,-0.359,-0.449,0.005,0.818,W
THUMB,0.862,-0.483,0.291,Towards you,0.755,-0.105,-0.591,0.265,W
INDEX,0.535,-0.598,0.495,Left,-0.853,0.412,0.257,0.191,W
PALM,1.048,0.035,-0.076,Towards you,0.654,0.219,-0.681,0.245,W
PINKY,-0.726,0.588,0.33,Away from you,-0.836,-0.293,-0.462,-0.04,W
RING,-0.7,0.463,0.428,Right,-0.783,-0.406,-0.314,0.351,W
MIDDLE,-0.767,0.351,0.513,Towards you,-0.394,-0.472,-0.042,0.788,W
THUMB,0.889,-0.448,0.288,Towards you,0.751,-0.094,-0.611,0.233,W
INDEX,0.168,-0.518,0.596,Left,-0.896,0.397,0.048,0.194,W
PALM,1.034,0.04,-0.123,Towards you,0.635,0.243,-0.686,0.257,W
PINKY,-0.647,0.529,0.378,Away from you,-0.832,-0.27,-0.475,-0.092,W
RING,-0.792,0.48,0.432,Right,-0.792,-0.394,-0.342,0.316,W
MIDDLE,-0.714,0.32,0.496,Towards you,-0.427,-0.456,-0.09,0.776,W
THUMB,0.94,-0.374,0.228,Towards you,0.724,-0.055,-0.645,0.237,W
INDEX,-0.121,-0.663,0.61,Up,-0.893,0.387,-0.104,0.207,W
PALM,1.035,0.024,-0.074,Towards you,0.652,0.238,-0.679,0.242,W
PINKY,-0.651,0.489,0.379,Away from you,-0.844,-0.257,-0.467,-0.059,W
RING,-0.908,0.309,0.384,Right,-0.753,-0.392,-0.387,0.359,W
MIDDLE,-0.844,0.247,0.463,Towards you,-0.326,-0.481,-0.117,0.805,W
THUMB,0.968,-0.281,0.082,Towards you,0.723,-0.104,-0.671,0.128,W
INDEX,-0.106,-0.67,0.578,Up,-0.836,0.391,-0.152,0.353,W
PALM,1.014,0.222,0.067,Towards you,0.732,0.178,-0.648,0.113,W
PINKY,-0.699,0.38,0.547,Away from you,-0.875,-0.221,-0.427,0.045,W
RING,-0.869,0.234,0.377,Right,-0.716,-0.381,-0.394,0.432,W
MIDDLE,-0.8,0.055,0.562,Towards you,-0.234,-0.445,-0.117,0.857,W
THUMB,1.003,-0.15,0.025,Towards you,0.708,-0.084,-0.701,0.024,W
INDEX,0.03,-0.7,0.583,Up,-0.806,0.42,-0.112,0.402,W
PALM,0.987,0.238,0.171,Towards you,0.776,0.157,-0.607,0.07,W
PINKY,-0.756,0.287,0.514,Away from you,-0.872,-0.21,-0.436,0.073,W
RING,-0.878,0.191,0.375,Right,-0.699,-0.38,-0.397,0.458,W
MIDDLE,-0.834,0.001,0.516,Towards you,-0.206,-0.468,-0.134,0.849,W
THUMB,1.014,-0.159,0.003,Towards you,0.704,-0.093,-0.704,0.014,W
INDEX,0.04,-0.737,0.57,Up,-0.796,0.43,-0.128,0.405,W
PALM,0.992,0.201,0.183,Towards you,0.779,0.147,-0.608,0.05,W
PINKY,-0.746,0.334,0.485,Away from you,-0.868,-0.211,-0.445,0.065,W
RING,-0.9,0.193,0.34,Right,-0.694,-0.389,-0.403,0.452,W
MIDDLE,-0.852,-0.0,0.476,Towards you,-0.201,-0.487,-0.133,0.84,W
THUMB,1.006,-0.159,0.029,Towards you,0.716,-0.098,-0.691,0.017,W
INDEX,0.015,-0.725,0.578,Up,-0.801,0.42,-0.143,0.402,W
PALM,1.0,0.203,0.176,Towards you,0.777,0.137,-0.612,0.044,W
PINKY,-0.79,0.335,0.452,Away from you,-0.863,-0.203,-0.46,0.051,W
RING,-0.907,0.182,0.316,Right,-0.691,-0.392,-0.412,0.446,W
MIDDLE,-0.86,-0.013,0.457,Towards you,-0.2,-0.503,-0.139,0.829,W
THUMB,0.998,-0.179,0.052,Towards you,0.722,-0.099,-0.684,0.02,W
INDEX,-0.039,-0.741,0.595,Up,-0.805,0.417,-0.149,0.395,W
PALM,0.992,0.193,0.165,Towards you,0.778,0.13,-0.614,0.039,W
PINKY,-0.769,0.327,0.467,Away from you,-0.861,-0.198,-0.468,0.035,W
RING,-0.892,0.193,0.326,Right,-0.693,-0.393,-0.416,0.438,W
MIDDLE,-0.888,0.002,0.432,Towards you,-0.203,-0.512,-0.141,0.823,W
THUMB,1.004,-0.177,0.067,Towards you,0.728,-0.097,-0.679,0.02,W
INDEX,0.018,-0.718,0.574,Up,-0.809,0.413,-0.153,0.39,W
PALM,1.0,0.204,0.148,Towards you,0.778,0.118,-0.616,0.036,X
PINKY,-0.781,0.342,0.45,Away from you,-0.86,-0.195,-0.472,0.017,X
RING,-0.888,0.214,0.339,Right,-0.698,-0.394,-0.416,0.43,X
MIDDLE,-0.852,0.017,0.462,Towards you,-0.208,-0.511,-0.135,0.823,X
THUMB,1.008,-0.138,0.098,Towards you,0.735,-0.091,-0.672,0.013,X
INDEX,0.006,-0.701,0.603,Up,-0.812,0.408,-0.149,0.39,X
PALM,1.001,0.177,0.194,Towards you,0.783,0.105,-0.613,0.031,X
PINKY,-0.767,0.334,0.452,Away from you,-0.86,-0.187,-0.474,-0.003,X
RING,-0.902,0.218,0.312,Right,-0.704,-0.392,-0.42,0.418,X
MIDDLE,-0.876,0.03,0.423,Towards you,-0.215,-0.516,-0.137,0.818,X
THUMB,0.995,-0.148,0.142,Towards you,0.745,-0.082,-0.662,0.024,X
INDEX,-0.01,-0.672,0.627,Up,-0.826,0.396,-0.146,0.372,X
PALM,1.002,0.207,0.185,Towards you,0.78,0.1,-0.617,0.033,X
PINKY,-0.754,0.399,0.427,Away from you,-0.85,-0.187,-0.492,-0.036,X
PINKY,-0.799,0.361,0.375,Away from you,-0.772,0.003,-0.545,-0.327,X
RING,-0.902,0.247,0.285,Right,-0.763,-0.32,-0.491,0.273,X
MIDDLE,-0.899,0.028,0.388,Towards you,-0.268,-0.523,-0.176,0.79,X
THUMB,0.998,-0.18,0.145,Towards you,0.754,-0.086,-0.65,0.039,X
INDEX,0.159,-0.644,0.627,Left,-0.865,0.418,-0.026,0.277,X
PALM,1.004,0.189,0.183,Towards you,0.77,-0.034,-0.624,-0.128,X
PINKY,-0.811,0.358,0.359,Away from you,-0.764,0.017,-0.545,-0.345,X
RING,-0.897,0.241,0.275,Right,-0.766,-0.313,-0.497,0.263,X
MIDDLE,-0.896,0.03,0.395,Towards you,-0.273,-0.523,-0.18,0.787,X
THUMB,0.999,-0.153,0.142,Towards you,0.755,-0.085,-0.649,0.042,X
INDEX,0.159,-0.641,0.636,Left,-0.868,0.416,-0.022,0.271,X
PALM,1.005,0.17,0.17,Towards you,0.768,-0.041,-0.625,-0.134,X
PINKY,-0.796,0.38,0.389,Away from you,-0.756,0.028,-0.544,-0.363,X
RING,-0.892,0.246,0.286,Right,-0.77,-0.307,-0.5,0.251,X
MIDDLE,-0.903,0.031,0.388,Towards you,-0.279,-0.523,-0.182,0.785,X
THUMB,1.007,-0.186,0.132,Towards you,0.754,-0.082,-0.65,0.048,X
INDEX,0.19,-0.675,0.627,Left,-0.872,0.415,-0.018,0.257,X
PALM,1.032,0.221,0.228,Towards you,0.765,-0.042,-0.629,-0.133,X
PINKY,-0.819,0.471,0.3,Away from you,-0.714,0.037,-0.571,-0.404,X
RING,-0.882,0.317,0.217,Away from you,-0.767,-0.303,-0.533,0.189,X
MIDDLE,-0.821,0.072,0.535,Towards you,-0.328,-0.456,-0.159,0.812,X
THUMB,0.911,-0.368,0.178,Towards you,0.748,-0.089,-0.628,0.198,X
INDEX,0.347,-0.568,0.627,Left,-0.91,0.378,0.115,0.129,X
PALM,1.022,0.112,-0.042,Towards you,0.706,-0.023,-0.705,-0.06,X
PINKY,-0.667,0.477,0.468,Away from you,-0.72,0.039,-0.5,-0.48,X
RING,-0.886,0.264,0.484,Away from you,-0.836,-0.252,-0.463,0.153,X
MIDDLE,-0.303,0.102,0.909,Up,-0.416,-0.182,-0.041,0.89,X
THUMB,0.795,-0.582,0.238,Towards you,0.718,-0.095,-0.596,0.348,X
INDEX,0.639,-0.503,0.504,Left,-0.891,0.344,0.287,0.069,X
PALM,1.047,0.046,-0.072,Towards you,0.698,-0.016,-0.716,-0.015,X
PINKY,-0.422,0.555,0.612,Up,-0.708,-0.07,-0.385,-0.588,X
RING,-0.561,0.332,0.527,Up,-0.93,-0.222,-0.278,0.092,X
MIDDLE,0.729,0.032,0.716,Up,-0.461,0.292,0.209,0.812,X
THUMB,0.749,-0.54,0.265,Towards you,0.715,-0.129,-0.55,0.411,X
INDEX,0.812,-0.254,0.351,Towards you,-0.833,0.309,0.451,0.089,X
PALM,1.042,0.095,-0.152,Towards you,0.704,-0.03,-0.709,-0.024,X
PINKY,-0.74,0.526,0.383,Left,-0.65,0.093,-0.541,-0.526,X
RING,-0.906,0.281,0.223,Away from you,-0.772,-0.234,-0.587,0.066,X
MIDDLE,0.777,0.035,0.73,Left,-0.468,0.348,0.236,0.777,X
THUMB,0.753,-0.629,0.324,Towards you,0.756,-0.18,-0.546,0.313,X
INDEX,0.929,-0.423,0.045,Towards you,-0.754,0.367,0.543,0.052,X
PALM,1.021,0.125,0.157,Towards you,0.765,-0.029,-0.641,-0.059,X
PINKY,-0.75,0.414,0.438,Left,-0.656,0.131,-0.496,-0.554,X
RING,-0.894,0.272,0.193,Away from you,-0.791,-0.181,-0.583,0.045,X
MIDDLE,0.905,-0.118,0.43,Left,-0.489,0.41,0.259,0.725,X
THUMB,0.735,-0.33,0.68,Towards you,0.872,-0.055,-0.427,0.234,X
INDEX,0.92,-0.488,0.129,Towards you,-0.749,0.352,0.56,0.036,X
PALM,1.014,0.073,0.136,Towards you,0.771,-0.012,-0.634,-0.055,X
PINKY,-0.721,0.369,0.464,Left,-0.657,0.143,-0.479,-0.564,X
RING,-0.923,0.177,0.29,Away from you,-0.802,-0.171,-0.571,0.048,X
MIDDLE,0.894,-0.032,0.485,Left,-0.481,0.437,0.25,0.718,X
THUMB,0.808,-0.275,0.605,Towards you,0.879,-0.081,-0.439,0.168,X
INDEX,0.922,-0.435,0.07,Towards you,-0.714,0.399,0.564,0.114,X
PALM,0.996,0.16,0.162,Towards you,0.757,-0.108,-0.622,-0.168,X
PINKY,-0.64,0.44,0.533,Away from you,-0.753,0.024,-0.453,-0.477,X
RING,-0.962,0.408,0.573,Away from you,-0.833,-0.255,-0.457,0.181,X
MIDDLE,1.039,-0.114,0.122,Left,-0.331,0.59,0.223,0.701,X
THUMB,0.856,-0.321,0.495,Towards you,0.868,-0.12,-0.477,0.07,X
INDEX,0.994,-0.286,0.159,Left,-0.689,0.377,0.576,0.227,X
PALM,1.056,0.059,0.169,Towards you,0.736,-0.165,-0.624,-0.203,X
PINKY,-0.586,0.52,0.622,Up,-0.748,-0.041,-0.406,-0.523,X
RING,-0.635,0.308,0.52,Away from you,-0.875,-0.236,-0.389,0.164,X
MIDDLE,1.025,0.023,0.094,Left,-0.296,0.648,0.27,0.647,X
THUMB,0.855,-0.305,0.549,Towards you,0.877,-0.122,-0.461,0.054,X
INDEX,0.994,-0.181,0.032,Towards you,-0.639,0.346,0.658,0.196,X
PALM,1.039,0.046,0.172,Towards you,0.736,-0.187,-0.619,-0.201,X
PINKY,-0.569,0.493,0.533,Away from you,-0.731,-0.019,-0.426,-0.533,X
RING,-0.792,0.362,0.485,Away from you,-0.864,-0.247,-0.411,0.155,X
MIDDLE,1.006,0.001,0.04,Left,-0.311,0.625,0.281,0.658,X
THUMB,0.787,-0.345,0.582,Towards you,0.882,-0.178,-0.437,0.015,X
INDEX,1.034,-0.177,-0.014,Towards you,-0.635,0.342,0.663,0.199,X
PALM,1.026,0.042,0.131,Towards you,0.743,-0.191,-0.604,-0.213,X
PINKY,-0.52,0.524,0.631,Up,-0.728,-0.025,-0.403,-0.555,X
RING,-0.595,0.343,0.462,Away from you,-0.877,-0.236,-0.388,0.16,X
MIDDLE,1.019,-0.061,0.046,Left,-0.304,0.611,0.273,0.678,X
THUMB,0.782,-0.448,0.563,Towards you,0.87,-0.194,-0.449,0.068,X
INDEX,1.02,-0.162,-0.068,Left,-0.634,0.349,0.658,0.208,X
PALM,1.023,0.028,0.157,Towards you,0.74,-0.195,-0.607,-0.214,X
PINKY,-0.548,0.526,0.635,Up,-0.714,-0.015,-0.399,-0.575,X
RING,-0.717,0.258,0.5,Away from you,-0.877,-0.232,-0.394,0.152,X
MIDDLE,1.002,-0.007,0.149,Left,-0.307,0.595,0.274,0.69,X
THUMB,0.772,-0.341,0.596,Towards you,0.888,-0.159,-0.427,0.066,X
INDEX,1.014,-0.172,-0.026,Left,-0.632,0.351,0.656,0.218,X
PALM,1.02,-0.009,0.138,Towards you,0.736,-0.214,-0.598,-0.233,X
PINKY,-0.547,0.481,0.6,Up,-0.722,-0.006,-0.417,-0.553,X
RING,-0.768,0.312,0.554,Away from you,-0.875,-0.231,-0.4,0.141,X
MIDDLE,1.013,-0.032,-0.074,Left,-0.281,0.631,0.262,0.674,X
THUMB,0.702,-0.29,0.774,Towards you,0.912,-0.105,-0.39,0.07,X
INDEX,1.027,-0.149,-0.205,Left,-0.62,0.354,0.667,0.214,X
PALM,1.01,0.037,0.118,Towards you,0.733,-0.226,-0.593,-0.243,X
PINKY,-0.612,0.502,0.575,Up,-0.715,0.015,-0.427,-0.553,X
RING,-0.762,0.579,0.498,Away from you,-0.875,-0.232,-0.406,0.129,X
MIDDLE,1.049,0.022,0.127,Left,-0.317,0.616,0.283,0.663,X
THUMB,0.628,-0.501,0.644,Towards you,0.89,-0.091,-0.426,0.133,X
INDEX,1.008,-0.099,-0.513,Towards you,-0.649,0.267,0.708,0.079,X
PALM,1.004,0.113,0.316,Towards you,0.804,-0.05,-0.587,-0.08,X
PINKY,-0.346,0.468,0.78,Up,-0.508,0.083,-0.302,-0.802,X
RING,-0.691,0.314,0.742,Up,-0.917,-0.057,-0.369,-0.139,X
MIDDLE,0.987,0.007,0.138,Left,-0.482,0.511,0.408,0.583,X
THUMB,0.78,-0.699,0.367,Towards you,0.72,-0.075,-0.547,0.42,X
INDEX,0.99,-0.191,-0.109,Towards you,-0.642,0.208,0.738,0.004,X
PALM,1.005,0.102,0.232,Towards you,0.8,-0.009,-0.597,-0.049,X
PINKY,-0.576,0.424,0.674,Left,-0.482,0.186,-0.341,-0.785,X
RING,-0.855,0.132,0.678,Away from you,-0.876,-0.017,-0.462,-0.137,X
MIDDLE,0.981,-0.144,0.316,Left,-0.533,0.476,0.349,0.607,X
THUMB,0.746,-0.511,0.484,Towards you,0.768,-0.089,-0.524,0.356,X
INDEX,1.007,-0.339,-0.228,Towards you,-0.662,0.251,0.706,-0.012,X
PALM,0.991,0.163,0.335,Towards you,0.801,-0.024,-0.589,-0.101,X
PINKY,-0.612,0.461,0.612,Up,-0.585,0.126,-0.369,-0.711,X
RING,-0.811,0.282,0.49,Away from you,-0.881,-0.104,-0.461,-0.014,X
MIDDLE,0.959,0.009,0.306,Left,-0.364,0.54,0.246,0.718,X
THUMB,0.645,-0.421,0.729,Towards you,0.888,-0.136,-0.4,0.18,X
INDEX,0.975,-0.328,0.104,Left,-0.649,0.378,0.624,0.215,X
PALM,1.017,0.065,0.127,Towards you,0.716,-0.211,-0.603,-0.283,X
PINKY,-0.636,0.367,0.593,Up,-0.7,0.071,-0.402,-0.586,X
RING,-0.749,0.202,0.529,Away from you,-0.873,-0.156,-0.452,0.098,X
MIDDLE,0.989,-0.111,0.193,Away from you,-0.282,0.606,0.163,0.725,X
THUMB,0.707,-0.264,0.719,Up,0.919,-0.089,-0.356,0.147,X
INDEX,0.991,-0.324,-0.123,Left,-0.608,0.426,0.635,0.212,X
PALM,1.015,0.128,0.198,Left,0.715,-0.22,-0.578,-0.325,X
PINKY,-0.689,0.442,0.639,Up,-0.701,0.076,-0.384,-0.596,X
RING,-0.801,0.091,0.538,Away from you,-0.885,-0.131,-0.441,0.075,X
MIDDLE,0.988,-0.104,0.107,Away from you,-0.293,0.655,0.212,0.663,X
THUMB,0.694,-0.224,0.757,Up,0.913,-0.041,-0.356,0.193,X
INDEX,-0.0,-0.0,-0.0,Left,-0.608,0.426,0.635,0.212,X
PALM,1.007,0.057,0.259,Towards you,0.729,-0.213,-0.575,-0.303,X
PINKY,-0.547,0.47,0.656,Up,-0.677,0.068,-0.381,-0.627,X
RING,-0.739,0.235,0.572,Away from you,-0.89,-0.14,-0.432,0.053,X
MIDDLE,0.994,-0.006,0.093,Away from you,-0.27,0.657,0.218,0.669,X
THUMB,0.66,-0.213,0.793,Up,0.92,-0.03,-0.345,0.184,X
INDEX,1.005,-0.217,-0.163,Left,-0.583,0.396,0.682,0.198,X
PALM,1.013,0.074,0.206,Left,0.727,-0.232,-0.566,-0.313,X
PINKY,-0.568,0.444,0.659,Up,-0.668,0.074,-0.383,-0.634,X
RING,-0.769,0.242,0.571,Away from you,-0.889,-0.138,-0.435,0.043,X
MIDDLE,1.011,-0.065,0.043,Away from you,-0.27,0.657,0.219,0.669,X
THUMB,0.65,-0.189,0.827,Up,0.921,-0.022,-0.341,0.189,X
INDEX,1.009,-0.235,-0.193,Left,-0.583,0.395,0.683,0.193,Y
PALM,1.002,0.079,0.217,Left,0.727,-0.233,-0.562,-0.317,Y
PINKY,-0.578,0.425,0.624,Up,-0.652,0.089,-0.388,-0.645,Y
RING,-0.786,0.265,0.543,Away from you,-0.885,-0.133,-0.445,0.026,Y
MIDDLE,1.012,-0.068,0.008,Away from you,-0.275,0.648,0.223,0.675,Y
THUMB,0.639,-0.156,0.832,Up,0.92,-0.012,-0.332,0.206,Y
INDEX,1.021,-0.229,-0.203,Left,-0.593,0.388,0.68,0.189,Y
PALM,1.006,0.088,0.207,Left,0.726,-0.233,-0.564,-0.316,Y
PINKY,-0.628,0.426,0.614,Up,-0.635,0.105,-0.391,-0.658,Y
RING,-0.792,0.268,0.528,Away from you,-0.883,-0.126,-0.453,0.008,Y
MIDDLE,1.01,-0.042,0.051,Away from you,-0.281,0.637,0.228,0.68,Y
THUMB,0.627,-0.156,0.828,Up,0.918,-0.008,-0.326,0.225,Y
PINKY,-0.623,0.409,0.597,Left,-0.552,0.169,-0.38,-0.723,Y
RING,-0.809,0.26,0.523,Away from you,-0.879,-0.091,-0.464,-0.065,Y
MIDDLE,1.012,-0.066,0.062,Away from you,-0.28,0.631,0.219,0.69,Y
THUMB,0.625,-0.146,0.843,Up,0.913,0.016,-0.318,0.255,Y
INDEX,1.011,-0.253,-0.139,Left,-0.608,0.386,0.67,0.182,Y
PALM,1.003,0.08,0.205,Left,0.712,-0.252,-0.557,-0.347,Y
PINKY,-0.612,0.401,0.613,Left,-0.536,0.177,-0.377,-0.734,Y
RING,-0.793,0.271,0.528,Away from you,-0.879,-0.084,-0.464,-0.076,Y
MIDDLE,0.998,-0.04,0.131,Away from you,-0.278,0.63,0.218,0.692,Y
THUMB,0.613,-0.141,0.845,Up,0.912,0.017,-0.317,0.259,Y
INDEX,1.005,-0.237,-0.13,Left,-0.61,0.385,0.668,0.183,Y
PALM,1.008,0.112,0.212,Left,0.709,-0.255,-0.556,-0.351,Y
PINKY,-0.633,0.415,0.605,Left,-0.519,0.186,-0.374,-0.745,Y
RING,-0.779,0.238,0.526,Away from you,-0.877,-0.078,-0.466,-0.088,Y
MIDDLE,1.011,-0.056,0.07,Away from you,-0.278,0.628,0.217,0.693,Y
THUMB,0.604,-0.146,0.858,Up,0.911,0.019,-0.316,0.264,Y
INDEX,1.008,-0.239,-0.139,Left,-0.61,0.386,0.667,0.184,Y
PALM,1.016,0.101,0.217,Left,0.707,-0.258,-0.555,-0.355,Y
PINKY,-0.624,0.403,0.605,Left,-0.503,0.196,-0.37,-0.756,Y
RING,-0.805,0.24,0.53,Away from you,-0.875,-0.07,-0.469,-0.101,Y
MIDDLE,1.007,-0.062,0.107,Away from you,-0.279,0.626,0.216,0.695,Y
THUMB,0.615,-0.149,0.841,Up,0.909,0.019,-0.316,0.27,Y
INDEX,1.01,-0.248,-0.143,Left,-0.613,0.385,0.666,0.181,Y
PALM,1.008,0.093,0.215,Left,0.705,-0.26,-0.555,-0.358,Y
PINKY,-0.635,0.412,0.61,Left,-0.485,0.208,-0.366,-0.767,Y
RING,-0.794,0.262,0.528,Away from you,-0.873,-0.063,-0.471,-0.113,Y
MIDDLE,1.007,-0.067,0.109,Away from you,-0.28,0.624,0.216,0.696,Y
THUMB,0.625,-0.14,0.845,Up,0.908,0.02,-0.316,0.275,Y
INDEX,1.007,-0.24,-0.131,Left,-0.614,0.385,0.665,0.182,Y
PALM,1.005,0.116,0.191,Left,0.702,-0.264,-0.553,-0.363,Y
PINKY,-0.62,0.411,0.591,Left,-0.472,0.214,-0.362,-0.775,Y
RING,-0.799,0.252,0.527,Away from you,-0.872,-0.059,-0.471,-0.122,Y
MIDDLE,1.008,-0.076,0.083,Away from you,-0.277,0.626,0.212,0.697,Y
THUMB,0.616,-0.127,0.85,Up,0.908,0.022,-0.316,0.275,Y
INDEX,1.014,-0.242,-0.154,Left,-0.612,0.388,0.664,0.184,Y
PALM,1.002,0.101,0.203,Left,0.698,-0.27,-0.549,-0.371,Y
PINKY,-0.624,0.401,0.604,Left,-0.458,0.22,-0.359,-0.783,Y
RING,-0.792,0.259,0.538,Away from you,-0.87,-0.055,-0.472,-0.13,Y
MIDDLE,1.008,-0.069,0.156,Away from you,-0.274,0.623,0.21,0.702,Y
THUMB,0.598,-0.167,0.86,Up,0.906,0.018,-0.316,0.28,Y
INDEX,1.003,-0.251,-0.128,Left,-0.627,0.389,0.647,0.192,Y
PALM,1.007,0.121,0.218,Left,0.697,-0.266,-0.554,-0.369,Y
PINKY,-0.62,0.388,0.598,Left,-0.423,0.235,-0.346,-0.804,Y
RING,-0.811,0.269,0.521,Away from you,-0.865,-0.032,-0.478,-0.152,Y
MIDDLE,0.998,-0.041,0.174,Away from you,-0.281,0.591,0.203,0.728,Y
THUMB,0.61,-0.206,0.85,Up,0.899,0.009,-0.324,0.295,Y
INDEX,0.999,-0.284,-0.063,Left,-0.647,0.39,0.623,0.202,Y
PALM,0.999,0.115,0.158,Left,0.692,-0.27,-0.563,-0.363,Y
PINKY,-0.631,0.406,0.614,Left,-0.389,0.257,-0.347,-0.813,Y
RING,-0.847,0.245,0.476,Away from you,-0.85,-0.019,-0.494,-0.182,Y
MIDDLE,0.98,-0.014,0.255,Away from you,-0.297,0.568,0.21,0.738,Y
THUMB,0.588,-0.203,0.86,Up,0.892,-0.003,-0.312,0.326,Y
INDEX,0.958,-0.363,0.108,Left,-0.674,0.391,0.6,0.183,Y
PALM,1.024,0.072,0.13,Left,0.695,-0.262,-0.586,-0.323,Y
PINKY,-0.645,0.451,0.586,Left,-0.291,0.266,-0.341,-0.854,Y
RING,-0.856,0.346,0.57,Away from you,-0.832,-0.003,-0.49,-0.26,Y
MIDDLE,0.976,0.03,0.209,Left,-0.355,0.525,0.277,0.722,Y
THUMB,0.496,-0.697,0.745,Up,0.817,-0.08,-0.364,0.44,Y
INDEX,1.026,-0.204,-0.113,Towards you,-0.666,0.286,0.682,0.098,Y
PALM,1.016,-0.05,0.073,Towards you,0.73,-0.198,-0.626,-0.192,Y
PINKY,-0.306,0.631,0.639,Up,-0.094,0.198,-0.318,-0.923,Y
RING,-0.661,0.438,0.651,Up,-0.81,0.01,-0.395,-0.434,Y
MIDDLE,0.956,0.168,0.25,Left,-0.442,0.427,0.374,0.695,Y
THUMB,0.434,-0.668,0.669,Towards you,0.689,-0.099,-0.423,0.58,Y
INDEX,1.015,-0.189,0.038,Towards you,-0.657,0.186,0.73,0.038,Y
PALM,1.064,-0.025,0.093,Towards you,0.74,-0.152,-0.646,-0.108,Y
PINKY,-0.461,0.67,0.584,Up,0.008,0.303,-0.322,-0.897,Y
RING,-0.698,0.262,0.597,Away from you,-0.741,0.065,-0.464,-0.48,Y
MIDDLE,1.0,-0.02,0.189,Left,-0.482,0.429,0.39,0.656,Y
THUMB,0.534,-0.47,0.753,Towards you,0.77,-0.087,-0.399,0.49,Y
INDEX,1.01,-0.226,-0.028,Towards you,-0.653,0.23,0.719,0.058,Y
PALM,1.03,-0.017,0.099,Towards you,0.716,-0.207,-0.632,-0.212,Y
PINKY,-0.674,0.545,0.444,Left,-0.253,0.317,-0.386,-0.829,Y
RING,-0.887,0.346,0.281,Away from you,-0.795,-0.016,-0.558,-0.238,Y
MIDDLE,0.982,0.092,0.225,Away from you,-0.241,0.596,0.247,0.725,Y
THUMB,0.344,-0.436,0.927,Up,0.922,-0.127,-0.228,0.287,Y
INDEX,0.882,-0.534,-0.074,Left,-0.637,0.506,0.562,0.148,Y
PALM,1.041,-0.004,-0.001,Left,0.603,-0.39,-0.586,-0.374,Y
PINKY,-0.733,0.505,0.412,Left,-0.365,0.268,-0.444,-0.773,Y
RING,-0.817,0.354,0.347,Away from you,-0.812,-0.098,-0.546,-0.182,Y
MIDDLE,1.0,0.043,-0.026,Away from you,-0.13,0.643,0.255,0.71,Y
THUMB,0.325,-0.297,1.008,Up,0.944,-0.084,-0.2,0.25,Y
INDEX,0.897,-0.527,-0.227,Left,-0.628,0.536,0.531,0.192,Y
PALM,1.035,-0.022,-0.061,Left,0.583,-0.431,-0.56,-0.401,Y
PINKY,-0.721,0.524,0.344,Left,-0.368,0.276,-0.469,-0.754,Y
RING,-0.854,0.422,0.315,Away from you,-0.805,-0.121,-0.553,-0.177,Y
MIDDLE,0.99,0.142,0.045,Away from you,-0.143,0.636,0.224,0.724,Y
THUMB,0.304,-0.328,1.003,Up,0.956,-0.103,-0.169,0.219,Y
INDEX,0.917,-0.497,-0.244,Left,-0.596,0.538,0.566,0.185,Y
PALM,1.034,-0.016,0.002,Left,0.588,-0.436,-0.545,-0.409,Y
PINKY,-0.595,0.554,0.432,Left,-0.33,0.265,-0.443,-0.791,Y
RING,-0.859,0.319,0.356,Away from you,-0.81,-0.076,-0.543,-0.205,Y
MIDDLE,0.994,0.085,0.253,Away from you,-0.172,0.607,0.214,0.746,Y
THUMB,0.414,-0.369,0.901,Up,0.94,-0.109,-0.198,0.255,Y
INDEX,0.935,-0.47,-0.017,Left,-0.614,0.498,0.587,0.173,Y
PALM,1.04,-0.089,0.004,Left,0.621,-0.395,-0.569,-0.367,Y
PINKY,-0.58,0.575,0.496,Left,-0.207,0.301,-0.395,-0.843,Y
RING,-0.855,0.323,0.408,Away from you,-0.788,-0.012,-0.535,-0.304,Y
MIDDLE,0.975,0.142,0.158,Away from you,-0.241,0.551,0.264,0.754,Y
THUMB,0.374,-0.333,0.943,Up,0.915,-0.087,-0.219,0.327,Y
INDEX,0.936,-0.425,-0.041,Left,-0.627,0.464,0.606,0.157,Y
PALM,1.041,-0.03,-0.029,Left,0.631,-0.386,-0.574,-0.352,Y
PINKY,-0.659,0.589,0.421,Left,-0.206,0.305,-0.406,-0.836,Y
RING,-0.812,0.419,0.357,Away from you,-0.784,-0.025,-0.551,-0.285,Y
MIDDLE,0.967,0.201,0.261,Away from you,-0.208,0.54,0.234,0.781,Y
THUMB,0.307,-0.401,0.937,Up,0.921,-0.124,-0.213,0.301,Y
INDEX,0.92,-0.459,0.081,Left,-0.639,0.474,0.581,0.17,Y
PALM,1.029,0.004,-0.04,Left,0.617,-0.387,-0.587,-0.352,Y
PINKY,-0.792,0.513,0.475,Left,-0.075,0.351,-0.334,-0.872,Y
RING,-0.831,0.299,0.408,Away from you,-0.733,0.094,-0.531,-0.414,Y
MIDDLE,0.941,0.085,0.431,Left,-0.357,0.483,0.316,0.734,Y
THUMB,0.356,-0.284,0.593,Up,0.812,-0.108,-0.31,0.483,Y
INDEX,0.948,-0.398,-0.122,Towards you,-0.644,0.387,0.659,0.036,Y
PALM,1.058,-0.045,0.094,Left,0.682,-0.288,-0.619,-0.264,Y
PINKY,-0.568,0.552,0.556,Towards you,-0.013,0.335,-0.307,-0.891,Y
RING,-0.746,0.39,0.39,Away from you,-0.745,0.073,-0.51,-0.424,Y
MIDDLE,0.95,0.079,0.347,Left,-0.354,0.479,0.313,0.74,Y
THUMB,0.424,-0.545,0.822,Up,0.826,-0.125,-0.317,0.449,Y
INDEX,0.956,-0.414,-0.178,Towards you,-0.642,0.395,0.654,0.055,Y
PALM,1.032,-0.011,-0.02,Left,0.665,-0.307,-0.616,-0.29,Y
PINKY,-0.616,0.551,0.495,Towards you,-0.014,0.365,-0.3,-0.881,Y
RING,-0.886,0.305,0.371,Away from you,-0.724,0.114,-0.532,-0.425,Y
MIDDLE,0.96,0.081,0.314,Left,-0.362,0.475,0.298,0.745,Y
THUMB,0.406,-0.39,0.897,Up,0.851,-0.108,-0.268,0.439,Y
INDEX,0.95,-0.4,-0.104,Towards you,-0.652,0.387,0.649,0.061,Y
PALM,1.054,-0.02,0.029,Left,0.661,-0.313,-0.613,-0.299,Y
PINKY,-0.655,0.532,0.446,Towards you,-0.001,0.382,-0.291,-0.877,Y
RING,-0.87,0.311,0.331,Left,-0.708,0.132,-0.538,-0.438,Y
MIDDLE,0.946,0.095,0.302,Left,-0.359,0.475,0.295,0.747,Y
THUMB,0.363,-0.449,0.911,Up,0.853,-0.106,-0.245,0.448,Y
INDEX,0.947,-0.406,-0.073,Towards you,-0.661,0.379,0.645,0.063,Y
PALM,1.034,-0.004,-0.04,Left,0.649,-0.327,-0.617,-0.302,Y
PINKY,-0.642,0.52,0.467,Towards you,0.002,0.396,-0.29,-0.871,Y
RING,-0.879,0.298,0.347,Left,-0.703,0.131,-0.546,-0.437,Y
MIDDLE,0.974,0.029,0.265,Left,-0.337,0.503,0.294,0.74,Y
THUMB,0.324,-0.398,0.945,Up,0.869,-0.102,-0.226,0.427,Y
INDEX,0.94,-0.499,-0.1,Towards you,-0.657,0.4,0.635,0.072,Y
PALM,1.037,-0.015,0.014,Left,0.644,-0.345,-0.6,-0.327,Y
PINKY,-0.668,0.57,-0.374,Right,0.556,0.706,0.404,-0.169,Z
RING,-0.755,0.367,-0.457,Left,-0.131,0.646,-0.575,-0.485,Z
MIDDLE,-0.875,0.304,-0.287,Right,-0.497,-0.639,-0.484,0.333,Z
THUMB,-0.883,-0.12,0.504,Towards you,0.331,-0.488,0.127,0.798,Z
INDEX,-0.893,0.365,0.006,Right,-0.511,-0.644,-0.299,0.485,Z
PALM,-0.283,-0.521,-0.842,Down,-0.039,0.544,0.781,-0.302,Z
PINKY,-0.681,0.595,-0.383,Right,0.554,0.705,0.413,-0.158,Z
RING,-0.732,0.38,-0.487,Left,-0.129,0.645,-0.58,-0.481,Z
MIDDLE,-0.879,0.314,-0.287,Right,-0.496,-0.643,-0.482,0.329,Z
THUMB,-0.866,-0.131,0.498,Towards you,0.329,-0.485,0.127,0.8,Z
INDEX,-0.874,0.317,0.01,Right,-0.515,-0.643,-0.297,0.482,Z
PALM,-0.264,-0.501,-0.847,Down,-0.041,0.541,0.784,-0.302,Z
PINKY,-0.683,0.587,-0.376,Right,0.561,0.694,0.427,-0.149,Z
RING,-0.75,0.378,-0.466,Left,-0.131,0.648,-0.574,-0.484,Z
MIDDLE,-0.913,0.298,-0.274,Right,-0.498,-0.636,-0.487,0.333,Z
THUMB,-0.883,-0.154,0.484,Towards you,0.329,-0.493,0.12,0.797,Z
INDEX,-0.877,0.31,0.003,Right,-0.514,-0.638,-0.306,0.485,Z
PALM,-0.263,-0.503,-0.843,Down,-0.036,0.542,0.787,-0.293,Z
PINKY,-0.7,0.577,-0.353,Right,0.566,0.683,0.439,-0.143,Z
RING,-0.746,0.357,-0.463,Left,-0.132,0.648,-0.571,-0.487,Z
MIDDLE,-0.906,0.288,-0.266,Right,-0.499,-0.634,-0.487,0.335,Z
THUMB,-0.88,-0.141,0.499,Towards you,0.33,-0.492,0.119,0.796,Z
INDEX,-0.865,0.329,-0.005,Right,-0.514,-0.637,-0.304,0.487,Z
PALM,-0.257,-0.514,-0.852,Down,-0.038,0.542,0.786,-0.293,Z
PINKY,-0.698,0.551,-0.366,Right,0.568,0.677,0.449,-0.132,Z
RING,-0.774,0.404,-0.437,Left,-0.131,0.646,-0.573,-0.487,Z
MIDDLE,-0.891,0.302,-0.294,Right,-0.5,-0.635,-0.484,0.335,Z
THUMB,-0.875,-0.132,0.517,Towards you,0.334,-0.488,0.12,0.797,Z
INDEX,-0.861,0.338,-0.003,Right,-0.516,-0.638,-0.297,0.489,Z
PALM,-0.248,-0.515,-0.836,Down,-0.047,0.543,0.784,-0.296,Z
PINKY,-0.69,0.606,-0.365,Right,0.571,0.674,0.452,-0.12,Z
RING,-0.744,0.399,-0.472,Left,-0.128,0.639,-0.579,-0.49,Z
MIDDLE,-0.883,0.316,-0.253,Right,-0.504,-0.639,-0.477,0.333,Z
THUMB,-0.855,-0.144,0.511,Towards you,0.336,-0.482,0.12,0.8,Z
INDEX,-0.882,0.343,0.011,Right,-0.518,-0.638,-0.294,0.489,Z
PALM,-0.241,-0.509,-0.835,Down,-0.048,0.542,0.785,-0.296,Z
PINKY,-0.693,0.592,-0.356,Right,0.573,0.665,0.467,-0.109,Z
RING,-0.737,0.389,-0.462,Left,-0.126,0.643,-0.576,-0.489,Z
MIDDLE,-0.888,0.303,-0.275,Right,-0.503,-0.637,-0.481,0.332,Z
THUMB,-0.891,-0.149,0.52,Towards you,0.333,-0.485,0.12,0.8,Z
INDEX,-0.879,0.338,0.015,Right,-0.517,-0.638,-0.297,0.487,Z
PALM,-0.252,-0.521,-0.834,Down,-0.045,0.542,0.785,-0.297,Z
PINKY,-0.685,0.595,-0.351,Right,0.574,0.658,0.477,-0.101,Z
RING,-0.74,0.353,-0.457,Left,-0.127,0.642,-0.577,-0.489,Z
MIDDLE,-0.9,0.329,-0.253,Right,-0.502,-0.639,-0.478,0.333,Z
THUMB,-0.871,-0.134,0.521,Towards you,0.336,-0.484,0.123,0.799,Z
INDEX,-0.875,0.367,-0.005,Right,-0.515,-0.64,-0.292,0.49,Z
PALM,-0.247,-0.537,-0.828,Down,-0.048,0.546,0.781,-0.299,Z
PINKY,-0.692,0.553,-0.369,Right,0.574,0.655,0.483,-0.09,Z
RING,-0.76,0.406,-0.458,Left,-0.126,0.639,-0.582,-0.487,Z
MIDDLE,-0.889,0.323,-0.268,Right,-0.502,-0.643,-0.474,0.332,Z
THUMB,-0.865,-0.119,0.523,Towards you,0.339,-0.478,0.126,0.8,Z
INDEX,-0.855,0.376,0.021,Right,-0.515,-0.643,-0.283,0.491,Z
PALM,-0.252,-0.558,-0.815,Down,-0.056,0.548,0.778,-0.304,Z
PINKY,-0.665,0.585,-0.354,Right,0.573,0.654,0.487,-0.078,Z
RING,-0.721,0.373,-0.474,Left,-0.121,0.634,-0.589,-0.487,Z
MIDDLE,-0.888,0.348,-0.266,Right,-0.501,-0.649,-0.469,0.329,Z
THUMB,-0.867,-0.113,0.53,Towards you,0.34,-0.474,0.131,0.802,Z
INDEX,-0.872,0.367,0.005,Right,-0.514,-0.647,-0.281,0.488,Z
PALM,-0.252,-0.535,-0.833,Down,-0.053,0.548,0.776,-0.307,Z
PINKY,-0.656,0.579,-0.389,Right,0.571,0.647,0.5,-0.072,Z
RING,-0.735,0.382,-0.466,Left,-0.123,0.636,-0.59,-0.482,Z
MIDDLE,-0.878,0.331,-0.277,Right,-0.498,-0.651,-0.47,0.328,Z
THUMB,-0.865,-0.112,0.522,Towards you,0.339,-0.475,0.134,0.801,Z
INDEX,-0.871,0.383,-0.002,Right,-0.511,-0.65,-0.28,0.487,Z
PALM,-0.265,-0.545,-0.822,Down,-0.051,0.55,0.774,-0.309,Z
PINKY,-0.669,0.59,-0.373,Right,0.569,0.641,0.512,-0.063,Z
RING,-0.723,0.369,-0.497,Left,-0.123,0.637,-0.592,-0.478,Z
MIDDLE,-0.906,0.334,-0.287,Right,-0.494,-0.653,-0.472,0.327,Z
THUMB,-0.868,-0.108,0.508,Towards you,0.336,-0.477,0.138,0.8,Z
INDEX,-0.866,0.364,-0.01,Right,-0.51,-0.653,-0.28,0.485,Z
PALM,-0.272,-0.549,-0.828,Down,-0.048,0.55,0.774,-0.311,Z
PINKY,-0.659,0.574,-0.391,Right,0.569,0.632,0.523,-0.054,Z
RING,-0.738,0.391,-0.485,Left,-0.126,0.637,-0.591,-0.478,Z
MIDDLE,-0.884,0.311,-0.292,Right,-0.494,-0.653,-0.472,0.328,Z
THUMB,-0.88,-0.117,0.513,Towards you,0.337,-0.478,0.137,0.799,Z
INDEX,-0.867,0.364,-0.004,Right,-0.509,-0.652,-0.282,0.487,Z
PALM,-0.264,-0.537,-0.815,Down,-0.048,0.551,0.774,-0.309,Z
PINKY,-0.677,0.58,-0.399,Right,0.57,0.624,0.533,-0.047,Z
RING,-0.738,0.386,-0.481,Left,-0.127,0.637,-0.592,-0.477,Z
MIDDLE,-0.872,0.309,-0.292,Right,-0.493,-0.653,-0.472,0.329,Z
THUMB,-0.868,-0.115,0.514,Towards you,0.337,-0.477,0.137,0.8,Z
INDEX,-0.875,0.364,-0.001,Right,-0.508,-0.653,-0.281,0.486,Z
PALM,-0.272,-0.546,-0.818,Down,-0.047,0.551,0.774,-0.309,Z
PINKY,-0.669,0.584,-0.391,Right,0.57,0.615,0.544,-0.037,Z
RING,-0.735,0.364,-0.484,Left,-0.127,0.638,-0.591,-0.477,Z
MIDDLE,-0.892,0.323,-0.287,Right,-0.493,-0.652,-0.473,0.329,Z
THUMB,-0.871,-0.115,0.521,Towards you,0.336,-0.478,0.137,0.8,Z
INDEX,-0.865,0.361,-0.02,Right,-0.508,-0.653,-0.282,0.486,Z
PALM,-0.271,-0.536,-0.82,Down,-0.046,0.551,0.774,-0.309,Z
PINKY,-0.669,0.577,-0.391,Right,0.571,0.605,0.554,-0.029,Z
RING,-0.739,0.377,-0.487,Left,-0.128,0.638,-0.591,-0.476,Z
MIDDLE,-0.892,0.328,-0.284,Right,-0.492,-0.652,-0.473,0.33,Z
THUMB,-0.852,-0.107,0.498,Towards you,0.337,-0.478,0.136,0.8,Z
INDEX,-0.889,0.377,-0.001,Right,-0.507,-0.653,-0.282,0.487,Z
PALM,-0.273,-0.534,-0.83,Down,-0.045,0.552,0.774,-0.308,Z
PINKY,-0.679,0.597,-0.391,Right,0.57,0.596,0.564,-0.02,Z
RING,-0.738,0.377,-0.484,Left,-0.129,0.638,-0.591,-0.476,Z
MIDDLE,-0.881,0.309,-0.29,Right,-0.491,-0.652,-0.473,0.331,Z
THUMB,-0.874,-0.106,0.519,Towards you,0.337,-0.478,0.137,0.799,Z
INDEX,-0.876,0.365,-0.007,Right,-0.506,-0.654,-0.282,0.487,Z
PALM,-0.272,-0.53,-0.822,Down,-0.045,0.552,0.773,-0.308,Z
PINKY,-0.671,0.574,-0.401,Right,0.571,0.587,0.574,-0.012,Z
RING,-0.738,0.378,-0.483,Left,-0.13,0.639,-0.591,-0.475,Z
MIDDLE,-0.884,0.312,-0.292,Right,-0.49,-0.652,-0.474,0.331,Z
THUMB,-0.872,-0.121,0.506,Towards you,0.336,-0.479,0.137,0.799,Z
INDEX,-0.873,0.354,-0.021,Right,-0.506,-0.653,-0.284,0.487,Z
PALM,-0.272,-0.532,-0.828,Down,-0.044,0.552,0.774,-0.308,Z
PINKY,-0.681,0.587,-0.396,Right,0.571,0.578,0.583,-0.003,Z
RING,-0.735,0.386,-0.49,Left,-0.131,0.639,-0.591,-0.475,Z
MIDDLE,-0.871,0.3,-0.296,Right,-0.49,-0.652,-0.474,0.332,Z
THUMB,-0.881,-0.12,0.514,Towards you,0.337,-0.48,0.137,0.799,Z
INDEX,-0.879,0.352,-0.008,Right,-0.505,-0.654,-0.284,0.487,Z
PALM,-0.276,-0.531,-0.817,Down,-0.044,0.553,0.773,-0.307,Z
PINKY,-0.674,0.583,-0.387,Away from you,0.57,0.569,0.592,0.005,Z
RING,-0.734,0.378,-0.49,Left,-0.131,0.638,-0.592,-0.475,Z
MIDDLE,-0.886,0.311,-0.29,Right,-0.49,-0.653,-0.473,0.332,Z
THUMB,-0.868,-0.113,0.51,Towards you,0.338,-0.479,0.137,0.799,Z
INDEX,-0.878,0.363,-0.012,Right,-0.505,-0.654,-0.282,0.488,Z
PALM,-0.275,-0.537,-0.825,Down,-0.045,0.554,0.772,-0.308,Z
PINKY,-0.67,0.593,-0.387,Away from you,0.571,0.561,0.599,0.014,Z
RING,-0.735,0.372,-0.48,Left,-0.131,0.637,-0.593,-0.476,Z
MIDDLE,-0.885,0.296,-0.293,Right,-0.49,-0.654,-0.471,0.332,Z
THUMB,-0.894,-0.13,0.522,Towards you,0.339,-0.477,0.139,0.799,Z
INDEX,-0.885,0.352,0.011,Right,-0.504,-0.655,-0.279,0.489,Z
PALM,-0.272,-0.54,-0.799,Down,-0.05,0.556,0.77,-0.309,Z
PINKY,-0.662,0.608,-0.386,Away from you,0.57,0.559,0.602,0.025,Z
RING,-0.707,0.368,-0.501,Left,-0.127,0.631,-0.599,-0.477,Z
MIDDLE,-0.876,0.34,-0.253,Right,-0.492,-0.658,-0.465,0.33,Z
THUMB,-0.857,-0.115,0.509,Towards you,0.342,-0.472,0.139,0.801,Z
INDEX,-0.884,0.363,-0.008,Right,-0.505,-0.655,-0.277,0.489,Z
PALM,-0.29,-0.53,-0.839,Down,-0.047,0.556,0.771,-0.308,Z
PINKY,-0.681,0.575,-0.395,Away from you,0.57,0.543,0.616,0.03,Z
RING,-0.745,0.393,-0.473,Left,-0.132,0.636,-0.594,-0.474,Z
MIDDLE,-0.875,0.302,-0.304,Right,-0.489,-0.655,-0.47,0.334,Z
THUMB,-0.858,-0.116,0.517,Towards you,0.341,-0.478,0.139,0.797,Z
INDEX,-0.859,0.375,-0.018,Right,-0.502,-0.655,-0.278,0.492,Z
PALM,-0.273,-0.545,-0.824,Down,-0.047,0.558,0.769,-0.308,Z
PINKY,-0.68,0.576,-0.39,Away from you,0.568,0.536,0.623,0.039,Z
RING,-0.721,0.37,-0.49,Left,-0.132,0.635,-0.596,-0.474,Z
MIDDLE,-0.878,0.328,-0.3,Right,-0.487,-0.657,-0.469,0.333,Z
THUMB,-0.879,-0.106,0.518,Towards you,0.341,-0.477,0.142,0.797,Z
INDEX,-0.869,0.343,-0.017,Right,-0.501,-0.657,-0.278,0.49,Z
PALM,-0.277,-0.526,-0.823,Down,-0.046,0.557,0.769,-0.31,Z
PINKY,-0.66,0.582,-0.407,Away from you,0.564,0.529,0.632,0.049,Z
RING,-0.737,0.397,-0.501,Left,-0.134,0.636,-0.597,-0.471,Z
MIDDLE,-0.875,0.307,-0.303,Right,-0.485,-0.658,-0.47,0.333,Z
THUMB,-0.868,-0.099,0.517,Towards you,0.34,-0.477,0.144,0.797,Z
INDEX,-0.875,0.365,-0.011,Right,-0.5,-0.659,-0.278,0.489,Z
PALM,-0.287,-0.525,-0.831,Down,-0.044,0.558,0.768,-0.311,Z
